GRPs,img_name,cluster_id,label,cx,bx,cy,by,bw,bh,area
4,242,3,4,74.79657499,53.5,131.0607161,90.5,43,77,155.0934678
4,242,4,1,79.61403509,65.5,181.6491228,167.5,28,27,35.87481622
4,242,5,1,75.25868056,58.5,209.8559028,197.5,32,26,45.36862004
4,242,6,1,74.14469453,63.5,250.4565916,240.5,22,20,20.24784709
4,242,7,2,77.58970588,64.5,319.6794118,298.5,27,41,52.59399286
4,242,8,2,79.50054289,61.5,364.4060803,343.5,36,43,73.85003151
4,242,9,1,84.82539683,71.5,403.281746,390.5,27,26,35.37072044
4,242,11,2,78.13278689,62.5,438.2081967,423.5,31,30,47.46901911
4,242,12,1,74.25,63.5,509.325,500.5,24,17,18.56752783
4,242,13,4,77.93592437,61.5,579.8587185,530.5,32,102,149.1283344
4,242,14,2,76.87051482,58.5,671.3525741,654.5,36,31,58.39109431
4,242,15,1,84.59356725,71.5,698.3918129,687.5,26,22,31.5900021
4,242,16,1,77.87529976,65.5,718.58753,704.5,25,27,33.52236925
4,242,17,1,82.13728814,56.5,757.3745763,742.5,43,24,36.04284814
4,242,21,1,419.1101836,406.5,136.9465776,119.5,28,36,47.63705104
4,242,22,1,414.2706767,404.5,198.3233083,188.5,21,20,20.75194287
4,242,23,0.5,408.6711409,401.5,224.5234899,216.5,15,15,9.745851712
4,242,24,0.5,422.5373134,413.5,235.2164179,223.5,17,24,19.9957992
4,242,25,1,413.8307692,406.5,256.7923077,250.5,15,12,9.40978786
4,242,26,2,421.9297972,402.5,292.3525741,278.5,37,29,48.6452426
4,242,27,2,420.8471338,404.5,343.4789809,320.5,32,42,59.90338164
4,242,28,2.5,418.6217277,404.5,432.3494764,413.5,31,41,61.5837009
4,242,29,0.5,419.8037383,413.5,460.4579439,454.5,13,12,6.721277043
4,242,30,1,417.1451991,404.5,487.9906323,474.5,25,26,36.63095988
4,242,31,1,421.7162791,409.5,517.4837209,504.5,23,26,31.33795421
4,242,32,1,416.2571429,407.5,555.76,547.5,16,17,13.94664986
4,242,33,2,423.8848614,411.5,592.9317697,579.5,25,27,34.86662466
4,242,34,1,414.412037,405.5,625.1111111,617.5,18,17,17.55933627
4,242,35,1,422.9897436,411.5,682.8487179,669.5,21,26,32.01008192
4,243,2,4,104.3477131,83.5,95.02130977,55.5,42,75,131.5314303
4,243,4,2,106.8963303,87.5,164.1743119,136.5,36,53,68.4541245
4,243,5,1,103.2042042,92.5,222.1951952,211.5,22,21,18.53798682
4,243,6,1,104.972,93.5,281.388,266.5,24,30,32.50166521
4,243,7,1,110.0365854,99.5,302.5691057,293.5,21,18,14.92669069
4,243,8,2.5,110.5012422,89.5,347.8906832,313.5,40,71,103.2028184
4,243,9,2,107.7412791,90.5,409.8764535,393.5,34,34,40.1255126
4,243,10,1,101.9967846,91.5,487.9453376,476.5,23,21,18.53798682
4,243,11,5,106.0829215,87.5,548.1098298,500.5,35,91,121.7408052
4,243,12,1,103.8243243,96.5,605.1756757,598.5,15,14,10.99439045
4,243,13,2,106.7189015,83.5,649.9886914,619.5,43,58,74.23219832
4,243,15,1,105.2857143,92.5,693.4308036,679.5,27,27,28.08785882
4,243,16,2,108.6257862,82.5,733.1918239,710.5,45,41,61.31178326
4,243,17,1,97.50943396,87.5,773.4566038,761.5,19,22,14.92669069
4,243,18,3,115.8018794,96.5,824.6992952,795.5,42,53,77.6829924
4,243,19,1,106.4677686,89.5,943.2099174,930.5,33,26,40.52676773
4,243,20,1,109.0377358,98.5,971.9119497,962.5,23,20,17.4947235
4,243,21,2,107.6173228,88.5,1027.581102,995.5,37,62,85.22658877
4,243,22,2,112.6707692,94.5,1079.388718,1061.5,38,39,68.7751286
4,243,23,1,106.4736842,94.5,1124.327068,1115.5,23,17,16.53171119
4,243,24,1,108.3313783,95.5,1182.935484,1170.5,25,24,19.98250528
4,243,25,1,101.6957929,90.5,1204.851133,1192.5,22,22,23.83455449
4,243,26,1,108.4769539,92.5,1263.755511,1251.5,32,23,32.18066111
4,243,27,1,116.0672269,102.5,1308.960784,1298.5,24,24,22.22953398
4,243,28,7,111.0047995,88.5,1391.399383,1328.5,51,115,191.3986951
4,243,29,2,108.1657696,94.5,1484.960172,1459.5,27,50,63.07730581
4,243,30,1,119.4089147,105.5,1519.926357,1505.5,29,29,38.60074312
4,243,31,1,110.4446429,94.5,1567.4625,1554.5,32,27,39.56375543
4,243,32,2,105.0097345,88.5,1641.222124,1612.5,32,54,76.96073317
4,243,33,3,106.7873888,88.5,1745.388844,1712.5,35,63,75.03470857
4,243,35,2,106.4169125,87.5,1817.123894,1795.5,38,41,67.4911122
4,243,36,3,111.2238908,93.5,1885.795904,1852.5,38,65,112.2711843
4,243,37,2,108.227882,85.5,1962.603217,1948.5,45,30,53.52743381
4,243,38,2,108.6799387,89.5,2019.468606,2003.5,33,31,41.24902696
4,243,39,1,104.9745917,87.5,2065.067151,2052.5,37,26,32.18066111
4,243,40,6,107.0450601,85.5,2151.948598,2085.5,44,134,199.7448017
4,243,43,1,452.5598007,440.5,107.4169435,91.5,27,34,38.5204921
4,243,44,1,448.0805369,439.5,169.3322148,158.5,19,23,19.66150118
4,243,45,1,450.9856887,434.5,198.1538462,183.5,31,31,27.52610165
4,243,46,1,448.4761905,439.5,232.8503401,225.5,17,14,9.630123025
4,243,47,2,456.1193548,435.5,262.3806452,246.5,39,27,41.08852491
4,243,48,2,453.1560976,436.5,314.0158537,289.5,32,45,57.6202361
4,243,49,2.5,450.3255543,435.5,402.5682614,380.5,34,45,57.6202361
4,243,50,0.5,451.5461538,442.5,431.9076923,426.5,17,11,6.259579966
4,243,51,1,451.496945,437.5,455.3604888,441.5,30,28,30.97689573
4,243,52,1,453.7280899,440.5,491.6314607,477.5,26,27,29.77313035
4,243,53,1,449.7884615,439.5,526.9134615,514.5,20,24,19.7417522
4,243,54,2,456.681203,443.5,563.2541353,543.5,27,40,45.90358642
4,243,55,1,445.3146067,435.5,602.1573034,590.5,21,22,14.84643966
4,243,56,1,450.4347826,435.5,652.6556522,638.5,28,31,34.98944699
4,243,57,1,455.4605263,442.5,720.2730263,708.5,26,22,18.21698272
4,243,58,3.5,455.9556555,435.5,768.9453728,737.5,44,61,106.1721063
4,243,59,0.5,467.4326241,460.5,807.3900709,801.5,15,13,8.346106622
4,243,60,2,451.9856712,432.5,843.1085973,817.5,44,50,91.00466258
4,243,61,1,450.1868421,435.5,903.1447368,891.5,28,23,27.6866037
4,243,62,2,459.2279279,434.5,947.4756757,930.5,52,35,76.7199801
4,243,63,1,454.063197,443.5,1017.263941,1006.5,21,21,19.17999502
4,243,64,2,451.7659574,437.5,1065.093085,1043.5,28,45,51.11990306
4,243,65,1,458.1055901,444.5,1111.277433,1095.5,26,30,35.55120417
4,243,66,1,455.7637681,440.5,1146.663768,1129.5,32,36,45.58258232
4,243,67,2,453.4515625,440.5,1206.740625,1186.5,27,43,38.68099415
4,243,68,1,458.0909091,447.5,1247.466403,1238.5,21,18,17.4947235
4,243,70,1,454.1296992,438.5,1275.546992,1263.5,33,24,37.39697775
4,243,71,1,460.4331476,447.5,1306.456825,1286.5,25,39,55.13245432
4,243,72,2,457.1012783,438.5,1365.872173,1346.5,40,39,68.05286938
4,243,74,1,454.71777,445.5,1457.041812,1443.5,19,24,15.72920094
4,243,76,2,457.6928328,436.5,1512.503413,1483.5,39,53,78.48550265
4,243,77,2,456.1359116,442.5,1609.117127,1584.5,30,49,60.26851993
4,243,78,1,458.9434524,447.5,1650.556548,1640.5,22,22,23.91480551
4,243,79,2,458.5,436.5,1698.619792,1678.5,44,39,80.65228033
4,243,80,2,456.4072693,437.5,1763.162162,1736.5,37,50,75.35571267
4,243,81,2,458.499232,444.5,1807.940092,1789.5,27,36,49.9963887
4,243,82,2,459.6724891,438.5,1859.590393,1834.5,37,54,85.86859697
4,243,84,1,453.1683168,441.5,1911.673267,1898.5,23,25,26.56308934
4,243,85,2,453.5878635,437.5,1957.182048,1936.5,32,42,54.73119919
4,243,86,3,456.8896181,432.5,2034.113365,2005.5,47,59,122.9445706
4,243,87,5,458.414876,435.5,2110.499587,2073.5,48,82,171.3359388
4,243,88,2,451.7188873,435.5,2193.953148,2177.5,31,34,46.14433949
4,244,1,1,72.65277778,56.5,16.47048611,3.5,31,26,37.58086379
4,244,2,1,72.10495627,60.5,65.14868805,54.5,24,21,23.78227449
4,244,3,1,73.82995951,62.5,121.2125506,105.5,24,30,32.71077345
4,244,4,4,79.88674181,58.5,180.9060655,134.5,38,88,126.4600125
4,244,5,2,77.13265306,60.5,250.4402332,232.5,31,37,42.77562682
4,244,6,6,75.32902299,58.5,377.3716475,320.5,34,110,143.2618242
4,244,7,3,77.06444099,55.5,479.3936335,442.5,42,68,92.77522098
4,244,9,1,76.32613391,63.5,531.9114471,516.5,26,30,26.86666504
4,244,10,2,78.18141593,54.5,571.3340708,554.5,43,34,62.98650173
4,244,11,1,68.91240876,59.5,615.5620438,603.5,18,23,17.04531619
4,244,12,3,85.71227522,67.5,661.7161845,628.5,39,59,85.79475816
4,244,13,1,76.90252101,60.5,777.9663866,763.5,32,30,42.45095413
4,244,14,1,80.340625,69.5,810.3625,800.5,23,21,18.74984781
4,244,15,2,79.5659164,60.5,864.340836,833.5,36,60,90.82718484
4,244,16,2,83.81196581,65.5,914.9126306,894.5,37,45,77.02859555
4,244,17,1,78.67372881,68.5,963.6016949,954.5,21,18,11.60704864
4,244,18,1,80.31767956,67.5,1021.237569,1009.5,25,23,25.89264698
4,244,19,1,73.86440678,63.5,1043.79322,1032.5,21,21,19.72386588
4,244,20,1,81.22700587,64.5,1097.322896,1085.5,31,23,31.81792356
4,244,21,1,88.5,75.5,1143.808642,1133.5,24,21,20.94138846
4,244,22,3,81.48795595,65.5,1195.639367,1163.5,35,67,95.21026615
4,244,23,4,85.66971188,61.5,1257.733661,1229.5,52,48,99.43101111
4,244,24,2,81.32716763,67.5,1319.294798,1295.5,28,46,56.41187977
4,244,25,1,92.30693069,78.5,1353.958416,1339.5,29,28,31.16857818
4,244,26,1,83.62730627,68.5,1401.872694,1389.5,31,26,31.00624183
4,244,27,2,78.27131072,62.5,1475.439963,1446.5,31,55,67.61308756
4,244,28,1,81.85491071,67.5,1560.026786,1546.5,30,26,23.86344267
4,244,30,2,80.61324503,63.5,1593.382781,1574.5,33,38,49.02557609
4,244,31,2,79.92322097,61.5,1652.201311,1628.5,40,45,63.06766991
4,244,32,3,85.94004135,66.5,1719.789111,1687.5,41,64,92.69405281
4,244,33,2,83.93269231,59.5,1797.59188,1783.5,47,32,57.30472967
4,244,34,2,82.99421965,66.5,1852.809249,1835.5,31,33,41.72044058
4,244,35,1,81.17156863,63.5,1899.583333,1885.5,35,29,35.87633217
4,244,36,2,86.2274168,68.5,1952.065769,1920.5,36,61,83.52204933
4,244,37,4,80.09123867,62.5,2016.740785,1985.5,38,72,100.1615247
4,244,41,2,416.6423913,402.5,26.69673913,0.5,29,52,63.9605198
4,244,42,1,416.1879699,407.5,79.09774436,71.5,16,14,6.168781098
4,244,43,2,422.7220497,402.5,100.636646,84.5,37,31,41.80160875
4,244,44,2,420.6516588,404.5,154.42891,129.5,29,46,53.9768346
4,244,45,3,418.8044397,405.5,241.332981,215.5,32,53,66.96374218
4,244,46,1,418.5303468,404.5,289.849711,266.5,29,43,39.44773176
4,244,47,1,421.4889868,407.5,329.4933921,314.5,26,29,30.5192328
4,244,48,1,418.4592834,408.5,366.247557,354.5,20,24,19.96737039
4,244,49,2,424.446198,411.5,402.6384505,382.5,25,43,46.59053092
4,244,50,1,414.6810036,404.5,442.9462366,431.5,21,22,15.2596164
4,244,51,1,419.3100189,405.5,486.0680529,473.5,27,27,34.09063238
4,244,52,1,420.4095745,410.5,559.5531915,552.5,20,15,14.04209381
4,244,53,4,425.9084187,404.5,608.3754266,572.5,44,76,119.3983815
4,244,54,2,421.627186,401.5,675.781399,654.5,43,47,88.87914871
4,244,55,1,419.2729659,405.5,742.7296588,730.5,27,25,24.83746073
4,244,56,2,428.4124549,404.5,784.099278,767.5,50,36,78.16494996
4,244,57,1,423.5512367,414.5,851.3816254,840.5,19,22,17.93816609
4,244,58,2,422.081044,409.5,902.032967,878.5,27,48,54.62617998
4,244,59,1,427.8582834,414.5,945.5768463,930.5,27,30,35.63282766
4,244,60,1,427.6137255,411.5,977.5627451,964.5,32,26,34.57764142
4,244,61,1,421.3333333,413.5,999.26,991.5,15,16,6.980462821
4,244,62,1,424.0815851,411.5,1035.962704,1021.5,26,28,27.51601042
4,244,64,1,429.6412556,419.5,1083.973094,1075.5,20,17,15.90896178
4,244,65,1,426.2166344,411.5,1108.388781,1095.5,32,26,37.33735927
4,244,66,1,431.8510638,419.5,1139.00304,1118.5,24,41,41.80160875
4,244,67,2,428.6521298,410.5,1199.514199,1180.5,38,41,64.52869701
4,244,68,1,427.1635688,417.5,1295.501859,1283.5,20,22,14.93494371
4,244,69,2,429.1775362,408.5,1346.856884,1320.5,38,50,74.67471855
4,244,70,2,428.1848552,413.5,1440.938753,1415.5,31,52,58.35991591
4,244,71,1,430.6738462,418.5,1486.415385,1476.5,22,21,18.34400695
4,244,72,2,431.1718602,409.5,1529.806421,1508.5,43,40,73.53836414
4,244,73,2,429.422366,410.5,1596.777264,1571.5,38,49,76.298082
4,244,74,2,431.0553064,416.5,1640.361734,1621.5,28,38,42.28861779
4,244,75,2,433.4804965,412.5,1690.58156,1666.5,38,52,74.91822307
4,244,76,1,427.2912621,415.5,1746.893204,1734.5,23,25,24.02577901
4,244,77,2,427.8164794,413.5,1789.890137,1766.5,31,48,49.26908061
4,244,78,3,431.1651842,407.5,1863.644854,1832.5,46,61,107.7101647
4,244,79,5,433.4173362,411.5,1941.902748,1899.5,46,88,161.3623266
4,244,80,2,429.0182992,411.5,2024.377826,1998.5,36,51,57.2235615
4,244,81,1,440.8863636,427.5,2125.613636,2113.5,26,24,23.05176094
4,245,1,1,75.44285714,60.5,37.86428571,22.5,32,34,46.67169909
4,245,2,3,78.51553583,58.5,95.16423589,63.5,41,65,113.960114
4,245,3,2,76.20244328,50.5,174.513089,153.5,49,46,79.95064975
4,245,4,2,74.63852243,58.5,226.7546174,209.5,32,36,52.84048019
4,245,5,1,72.69985141,55.5,276.4398217,257.5,34,37,43.58730854
4,245,7,2,77.70863836,60.5,328.6786237,296.5,35,63,100.5673655
4,245,8,4,71.72507205,53.5,393.8899135,361.5,39,79,124.34964
4,245,12,2,423.7296073,403.5,67.25453172,39.5,37,57,92.69405281
4,245,13,1,418.5524017,406.5,126.268559,112.5,23,27,30.19456011
4,245,14,2,419.1933702,404.5,166.4640884,140.5,31,55,59.25276581
4,245,15,3,421.7003077,398.5,238.9809231,205.5,47,66,115.0964684
4,245,16,5,423.8192771,401.5,317.0261737,275.5,49,87,177.5147929
4,245,17,2,419.1646623,402.5,403.7391304,378.5,36,57,71.26565531
4,245,18,1,431.2655087,418.5,499.101737,488.5,25,23,26.21731966
4,370,1,1.5,84.97574893,66.5,16.94579173,1.5,34,34,41.08019112
4,370,2,2,80.59069767,63.5,72.03348837,47.5,36,50,62.14488636
4,370,3,3,87.08934269,68.5,139.3707722,106.5,40,68,89.82760847
4,370,4,1,77.62251656,61.5,213.0877483,197.5,32,31,36.64127066
4,370,5,1,98.55361596,87.5,229.1695761,213.5,21,31,20.58044938
4,370,6,2,82.04715673,67.5,271.4493759,253.5,28,37,44.22778926
4,370,7,1,81.36441894,65.5,321.5050215,303.5,31,35,40.19240702
4,370,8,2,85.87084871,69.5,372.8944649,340.5,37,63,80.38481405
4,370,9,4,78.67973056,61.5,438.966932,406.5,35,78,98.05978822
4,370,11,1.5,431.919674,415.5,23.71362049,4.5,33,41,47.69821798
4,370,12,4,432.9119275,413.5,94.37292401,42.5,38,98,116.2997159
4,370,13,1,429.8813559,418.5,171.5169492,158.5,23,27,24.53512397
4,370,14,2,428.3559322,413.5,212.8090395,187.5,31,53,47.77892562
4,370,15,3,429.2393617,410.5,285.9235372,254.5,42,64,90.55397727
4,370,17,5,431.3064318,410.5,365.7218353,324.5,45,85,149.3091426
4,370,18,2,428.747646,411.5,450.1403013,426.5,35,56,58.02879649
4,370,19,1,436.8036649,425.5,548.3507853,536.5,23,26,21.54894112
4,371,2,1,58.04555315,47.5,56.71366594,40.5,22,31,26.20408163
4,371,3,4,65.54216867,44.5,117.3420639,70.5,37,89,112.9795918
4,371,4,2,63.1824,47.5,186.5488,168.5,29,36,32.57142857
4,371,5,6,59.75181347,40.5,313.3797927,257.5,34,108,123.4285714
4,371,6,1,64.6462585,57.5,385.3197279,378.5,14,14,6.530612245
4,371,7,2,57.88698011,37.5,421.4873418,393.5,41,54,67.83673469
4,371,9,1,60.54424779,48.5,467.5619469,452.5,25,30,22.53061224
4,371,10,2,61.61993048,37.5,506.4136732,490.5,45,30,50.36734694
4,371,11,1,55.99270073,46.5,551.0948905,539.5,18,22,12.97959184
4,371,12,3,69.53478261,50.5,595.95,563.5,42,60,76.48979592
4,371,13,0.5,53.19628647,38.5,708.4721485,698.5,29,20,25.63265306
4,371,14,0.5,65.97933884,55.5,720.0826446,710.5,20,18,9.714285714
4,371,15,1,63.7015873,52.5,746.2857143,736.5,22,20,13.55102041
4,371,16,2,61.3462867,45.5,799.7227979,768.5,32,60,64.24489796
4,371,17,2,64.21899225,47.5,851.4777132,830.5,33,44,62.93877551
4,371,18,1,63.58247423,55.5,899.1958763,889.5,17,18,6.448979592
4,371,19,1,65.07476636,53.5,956.6853583,945.5,23,22,15.34693878
4,371,20,1,57.38566553,47.5,978.9590444,968.5,20,20,12.32653061
4,371,22,1,60.94061758,46.5,1032.760095,1021.5,27,22,23.10204082
4,371,23,1,69.94701987,57.5,1079.678808,1069.5,24,21,11.91836735
4,371,25,3,60.86825508,44.5,1130.91801,1098.5,36,67,83.83673469
4,371,27,4,65.0202855,41.5,1193.222389,1164.5,49,48,80.73469388
4,371,29,2,61.32134571,46.5,1254.264501,1230.5,28,46,49.55102041
4,371,31,1,72.79569892,60.5,1288.316129,1274.5,26,27,27.10204082
4,371,32,1,62.72574627,47.5,1336.378731,1324.5,30,26,28.73469388
4,371,34,2,59.01532567,42.5,1409.354406,1380.5,32,56,62.85714286
4,371,36,1,60.00238095,45.5,1494.180952,1481.5,29,24,19.67346939
4,371,37,2,61.37114846,44.5,1527.140056,1508.5,33,38,40.40816327
4,371,40,2,59.05938494,41.5,1586.117709,1563.5,36,45,50.93877551
4,371,41,3,64.81964912,48.5,1653.677193,1620.5,37,64,76.73469388
4,371,42,1.5,56.45330739,39.5,1728.196498,1717.5,33,24,27.59183673
4,371,43,0.5,77.96907216,66.5,1736.958763,1724.5,22,25,8.816326531
4,371,45,2,60.87356322,47.5,1785.676519,1769.5,27,33,34.04081633
4,371,46,1,60.42908438,45.5,1833.400359,1818.5,30,30,25.79591837
4,371,47,2,65.13404605,49.5,1884.569901,1852.5,33,62,68.48979592
4,371,48,4,58.74049803,42.5,1950.035387,1918.5,35,73,87.26530612
4,371,51,2,407.8147612,391.5,34.35455861,11.5,31,41,35.18367347
4,371,52,2,406.0122699,392.5,91.07361963,67.5,27,45,46.20408163
4,371,53,2.5,402.9095921,390.5,178.7431092,154.5,30,51,45.06122449
4,371,54,0.5,406.6818182,397.5,210.9090909,204.5,19,13,6.448979592
4,371,55,1,402.618018,389.5,231.990991,217.5,29,30,30.7755102
4,371,56,1,406.6258824,393.5,267.2847059,253.5,26,28,21.46938776
4,371,57,1,403.4553846,393.5,303.6830769,291.5,19,24,16.48979592
4,371,58,2,409.1045531,396.5,342.5868465,322.5,26,40,29.30612245
4,371,59,1,400.9011858,391.5,380.715415,369.5,20,21,10.7755102
4,371,60,1,399.4682203,386.5,423.7627119,410.5,24,27,26.20408163
4,371,61,1,411.9306931,401.5,494.1237624,485.5,21,17,7.510204082
4,371,62,4,408.3030303,387.5,548.3234519,517.5,41,69,86.44897959
4,371,63,2,400.1987001,380.5,614.2302693,592.5,40,47,65.79591837
4,371,64,1,404.3465909,391.5,680.2642045,667.5,24,26,17.55102041
4,371,65,2,412.0556199,393.5,721.3267671,705.5,38,35,48.48979592
4,371,66,1,404.4756944,394.5,788.7534722,777.5,21,22,12.65306122
4,371,67,2,405.7059659,393.5,839.5553977,816.5,26,48,35.51020408
4,371,68,1,407.9472574,395.5,882.8270042,867.5,24,31,25.2244898
4,371,69,1,407.0152174,392.5,914.1695652,901.5,29,26,24.73469388
4,371,70,1,405.4040404,394.5,973.270202,959.5,25,26,19.51020408
4,371,71,1,412.5095238,403.5,1021.47619,1012.5,18,18,8.816326531
4,371,72,1,405.3449692,390.5,1045.88501,1033.5,31,24,26.53061224
4,371,73,1,410.4827586,398.5,1077.183386,1056.5,25,41,33.46938776
4,371,74,2,407.6570156,392.5,1136.655902,1118.5,34,39,47.91836735
4,371,75,1,409.944664,399.5,1232.490119,1221.5,21,21,11.42857143
4,371,76,2,408.4765998,386.5,1284.661891,1257.5,41,50,60.73469388
4,371,77,2,405.7625628,393.5,1377.177136,1351.5,29,50,43.59183673
4,371,78,1,411.89375,401.5,1422.29375,1411.5,21,23,15.75510204
4,371,79,2,408.1454139,391.5,1465.115213,1443.5,35,42,53.14285714
4,371,80,2,407.7349272,391.5,1532.243243,1507.5,32,49,52.24489796
4,371,81,2,408.5635277,395.5,1575.384155,1556.5,26,38,32.65306122
4,371,82,2,410.8564257,391.5,1626.13755,1601.5,35,52,54.7755102
4,371,83,1,406.2864583,395.5,1681.630208,1669.5,23,24,20.40816327
4,371,84,2,405.1203209,390.5,1725.101604,1701.5,30,48,38.69387755
4,371,85,3,405.9335766,387.5,1798.016058,1767.5,39,60,76.40816327
4,371,86,3,409.0140656,387.5,1863.803081,1838.5,47,53,93.30612245
4,371,87,2,408.0355191,392.5,1904.036885,1889.5,35,31,42.93877551
4,371,88,2,406.6797468,389.5,1956.951899,1936.5,36,44,37.3877551
4,371,89,1,415.6352584,403.5,2058.890578,2048.5,23,21,17.63265306
4,372,4,1,79.54098361,65.5,130.0351288,117.5,27,26,23.03804994
4,372,5,1,74.73464912,60.5,157.1842105,145.5,27,24,26.42356982
4,372,6,1,76.02960526,64.5,201.1381579,189.5,23,22,16.34958383
4,372,7,1,74.2535545,63.5,260.5260664,244.5,23,30,19.5699564
4,372,8,1,81.70192308,71.5,281.0769231,272.5,20,16,10.8171489
4,372,9,3,80.48273616,61.5,325.7771987,291.5,34,71,87.77579601
4,372,10,2,77.98330551,64.5,386.4323873,369.5,27,34,26.42356982
4,372,11,1,76.68992248,67.5,462.6395349,451.5,20,21,11.31259083
4,372,12,4,74.16816431,56.5,521.6591784,476.5,32,89,90.17043203
4,372,13,1,79.8220339,73.5,578.3559322,571.5,13,13,5.862729555
4,372,14,2,73.73736373,53.5,622.3359762,595.5,38,54,60.19619501
4,372,16,1,75.0471464,64.5,664.0049628,649.5,22,28,21.30400317
4,372,17,2,76.6343949,53.5,704.0828025,687.5,42,32,43.59889021
4,372,18,1,70.26470588,61.5,743.0630252,731.5,17,21,10.65200159
4,372,19,3,83.74424552,65.5,793.3955669,764.5,40,52,70.60047562
4,372,20,1,73.05585586,54.5,909.2702703,897.5,35,25,28.73563218
4,372,21,1,78.10689655,67.5,938.5206897,928.5,22,21,14.5329634
4,372,22,2,75.33456905,59.5,992.1177016,961.5,32,60,62.92112564
4,372,23,2,77.72666667,61.5,1044.688889,1024.5,32,40,52.59941868
4,372,24,1,75.74257426,66.5,1088.613861,1079.5,19,18,9.083102127
4,372,25,1,77.9625,66.5,1145.26875,1133.5,23,22,17.3404677
4,372,26,1,72.17054264,61.5,1166.379845,1155.5,21,21,11.31259083
4,372,27,1,74.36298077,59.5,1223.415865,1212.5,28,22,24.35922843
4,372,28,1,83.17793594,70.5,1268.508897,1259.5,23,20,14.12009512
4,372,29,3,74.40512821,57.5,1319.862271,1288.5,36,67,75.96776324
4,372,32,4,78.12489592,55.5,1381.234804,1355.5,47,44,72.74739067
4,372,33,2,74.0804878,60.5,1441.290244,1417.5,26,47,47.727573
4,372,34,1,86.01654846,73.5,1475.108747,1463.5,26,24,25.59783327
4,372,36,1,76.5735568,61.5,1521.977654,1509.5,29,26,32.36887303
4,372,38,2,71.50701403,56.5,1593.62024,1566.5,30,53,59.61817942
4,372,39,1,72.81042654,58.5,1678.452607,1664.5,28,27,19.40480909
4,372,41,2,73.90059347,57.5,1708.096439,1689.5,32,37,38.3967499
4,372,42,2,70.97699758,54.5,1767.664649,1746.5,35,40,47.64499934
4,372,43,3,77.35206259,60.5,1835.231152,1801.5,38,64,86.53719117
4,372,45,2,73.78792822,55.5,1909.473083,1897.5,42,26,39.1399128
4,372,47,2,74.3025641,59.5,1964.779487,1949.5,32,31,30.22195799
4,372,48,1,71.58458244,56.5,2010.704497,1999.5,30,24,26.01070155
4,372,49,2,77.11473963,62.5,2060.792586,2030.5,30,59,62.67340468
4,372,50,4,69.92837079,53.5,2123.84059,2093.5,35,69,87.52807504
4,372,51,1,72.14150943,66.5,2232.113208,2225.5,11,13,4.706698375
4,372,56,1,417.3532934,405.5,91.51896208,76.5,25,32,26.01070155
4,372,57,1,414.4342105,405.5,151.6809211,140.5,21,23,13.70722685
4,372,58,1,411.9511002,397.5,180.3031785,166.5,26,29,16.18443652
4,372,59,2,418.5204918,402.5,242.9569672,229.5,30,25,28.73563218
4,372,60,2,416.2577031,402.5,293.3795518,271.5,28,41,41.12168054
4,372,61,2.5,413.2522255,401.5,380.3768546,359.5,27,43,33.60747787
4,372,62,0.5,415.8671875,408.5,410.6796875,404.5,15,13,5.367287621
4,372,63,1,410.6325459,399.5,434.8267717,421.5,22,26,17.58818866
4,372,64,1,416.7650273,405.5,466.4590164,453.5,22,25,17.01017307
4,372,65,1,411.8852459,404.5,504.1311475,495.5,16,17,8.009644603
4,372,66,2,418.0141988,406.5,541.3853955,525.5,24,33,26.8364381
4,372,67,1,410.6298077,401.5,576.4326923,566.5,19,19,8.83538116
4,372,68,1,410.2200489,397.5,625.0415648,612.5,24,25,22.87290263
4,372,69,1,413.6692913,406.5,693.7480315,687.5,16,12,0
4,372,70,4,417.3295019,397.5,741.7693487,714.5,40,55,83.15167129
4,372,71,2,409.5259875,391.5,811.5571726,789.5,37,44,62.2605364
4,372,72,1,414.3816794,402.5,870.9580153,861.5,23,19,13.21178491
4,372,73,2,421.8644068,403.5,915.720339,903.5,38,29,44.1769058
4,372,74,1,414.3862434,405.5,981.7195767,972.5,18,19,7.514202669
4,372,75,2,414.3039216,403.5,1031.337255,1014.5,25,37,28.07504294
4,372,76,1,418.005305,406.5,1075.352785,1062.5,22,26,19.65253006
4,372,77,1,416.7578475,402.5,1107.284753,1093.5,28,28,28.65305853
4,372,78,1,415.8798883,404.5,1162.815642,1149.5,25,25,18.41392522
4,372,80,1,421.3355705,413.5,1209.355705,1202.5,16,14,5.697582243
4,372,81,1,412.7673267,399.5,1235.863861,1224.5,28,22,21.79944511
4,372,82,1,419.8944637,408.5,1266.768166,1248.5,25,35,32.36887303
4,372,83,2,416,400.5,1324.385298,1307.5,34,35,45.58065795
4,372,84,1,418.3811475,409.5,1415.602459,1404.5,19,21,12.96406395
4,372,85,2,417.0072314,395.5,1470.08781,1445.5,40,46,54.9940547
4,372,86,2,414.1195055,401.5,1562.436813,1538.5,27,47,39.71792839
4,372,87,1,419.7087379,408.5,1603.838188,1594.5,21,21,15.93671555
4,372,88,2,415.75,398.5,1650.273284,1630.5,35,38,50.78279826
4,372,89,2,415.5521064,399.5,1714.619734,1692.5,31,45,54.58118642
4,372,90,2,417.1542373,404.5,1757.901695,1739.5,25,34,32.78174131
4,372,91,2,418.3650465,399.5,1809.296794,1786.5,35,50,60.7742106
4,372,92,1,414.3962264,403.5,1860.048518,1848.5,22,24,21.0562822
4,372,93,2,413.0322581,398.5,1903.865358,1883.5,29,42,41.28682785
4,372,94,3,414.6604755,395.5,1977.880386,1950.5,41,56,83.23424495
4,372,95,5,416.4019337,395.5,2055.195672,2018.5,46,80,132.5307174
4,372,96,0.5,423.1481481,415.5,2120.992593,2114.5,15,14,5.780155899
4,372,97,1.5,410.4190647,396.5,2135.874101,2119.5,26,34,31.29541551
4,372,98,1,421.8967742,410.5,2236.312903,2226.5,23,21,15.60642093
4,372,99,1,414.6876574,405.5,2331.025189,2316.5,21,28,21.79944511
4,373,4,1,80.13716814,66.5,159.0685841,146.5,28,25,25.70888469
4,373,5,1,76.36897275,63.5,186.6960168,173.5,26,26,26.63306028
4,373,6,1,77.60542169,65.5,226.560241,214.5,24,22,18.98760765
4,373,7,2,78.634757,63.5,294.6759941,273.5,31,41,37.38710355
4,373,8,2,81.37837838,61.5,339.4790308,315.5,37,48,64.27221172
4,373,9,1,82.6659751,69.5,376.2365145,364.5,26,25,27.47321991
4,373,10,2,79.21320755,65.5,410.4132075,396.5,27,29,33.01827347
4,373,11,1,79.86394558,69.5,481.1836735,471.5,23,19,13.27452216
4,373,13,5,77.13290113,58.5,552.7898433,500.5,33,110,111.8252468
4,373,14,3,77.21811594,55.5,659.1405797,623.5,39,75,88.30077715
4,373,15,1,78.86871166,55.5,727.0760736,708.5,44,35,52.76202478
4,373,16,1,74.00380228,64.5,761.6577947,750.5,19,23,14.95484142
4,373,17,2,86.02680067,66.5,813.9656616,786.5,41,49,79.64713296
4,373,21,1,416.5811321,404.5,116.8490566,100.5,25,33,34.61457677
4,373,22,1,413.2537879,403.5,177.4280303,168.5,20,18,13.8626339
4,373,23,1,412.3201133,400.5,210.7847025,194.5,23,32,20.16383113
4,373,24,1,415.0347826,407.5,235.4956522,230.5,16,10,4.200798152
4,373,25,2,417.6,401.5,269.8610526,259.5,30,22,28.14534762
4,373,26,2,415.6339779,401.5,318.8646409,298.5,28,38,45.36862004
4,373,27,3,413.454112,400.5,411.4874851,387.5,26,52,49.3173703
4,373,28,1,408.9453552,399.5,461.2349727,447.5,21,27,22.09619828
4,373,29,1,416.218593,405.5,490.5125628,477.5,21,25,24.53266121
4,373,30,1,414.375,405.5,524.34375,513.5,20,23,16.29909683
4,373,31,2,416.7131367,405.5,566.3914209,553.5,22,25,24.02856543
4,373,32,1,410.3659574,400.5,597.2042553,588.5,20,18,13.27452216
4,373,33,1,411.2204301,398.5,651.4166667,638.5,23,26,24.86872506
4,373,34,1,418.4740741,405.5,713.2888889,703.5,24,18,12.85444234
4,373,35,3.5,416.1415621,397.5,762.2538354,730.5,40,60,96.11426171
4,373,36,0.5,426.8928571,419.5,798.9464286,792.5,14,12,5.965133375
4,373,37,2,408.8330292,390.5,834.1715328,808.5,38,50,71.49758454
4,373,38,1,415.3320158,404.5,887.3241107,877.5,21,20,12.93845831
