lat,long,name,stand_count,overall_canopy_size,canopy_size (cm2/seedlings)
36.4119,-89.6963,DJI_0150.JPG_-2_3_36.4119_-89.6963.tiff,12.788579,357.3959,27.946491
36.4119,-89.6963,DJI_0150.JPG_-2_4_36.4119_-89.6963.tiff,14.006738,372.71237,26.609507
36.4119,-89.6963,DJI_0150.JPG_-2_5_36.4119_-89.6963.tiff,10.973768,328.5709,29.941483
36.4119,-89.6963,DJI_0150.JPG_-2_6_36.4119_-89.6963.tiff,10.530812,232.02734,22.033186
36.4119,-89.6963,DJI_0150.JPG_-2_7_36.4119_-89.6963.tiff,12.196128,291.57538,23.90721
36.4119,-89.6963,DJI_0150.JPG_-2_8_36.4119_-89.6963.tiff,9.90171,205.81012,20.785313
36.4119,-89.6963,DJI_0150.JPG_-2_9_36.4119_-89.6963.tiff,11.53786,297.8987,25.819235
36.4119,-89.6963,DJI_0150.JPG_-2_10_36.4119_-89.6963.tiff,10.823781,236.94873,21.891493
36.4119,-89.6963,DJI_0150.JPG_-2_11_36.4119_-89.6963.tiff,12.737674,268.3926,21.07077
36.4119,-89.6963,DJI_0150.JPG_-1_3_36.4119_-89.6963.tiff,13.961598,333.6391,23.896914
36.4119,-89.6963,DJI_0150.JPG_-1_4_36.4119_-89.6963.tiff,13.713492,338.56937,24.688778
36.4119,-89.6963,DJI_0150.JPG_-1_5_36.4119_-89.6963.tiff,14.639747,438.5201,29.954079
36.4119,-89.6963,DJI_0150.JPG_-1_6_36.4119_-89.6963.tiff,12.549861,334.8956,26.685204
36.4119,-89.6963,DJI_0150.JPG_-1_7_36.4119_-89.6963.tiff,12.177983,300.92056,24.710213
36.4119,-89.6963,DJI_0150.JPG_-1_8_36.4119_-89.6963.tiff,9.172305,154.57263,16.852102
36.4119,-89.6963,DJI_0150.JPG_-1_9_36.4119_-89.6963.tiff,13.145694,310.43283,23.614792
36.4119,-89.6963,DJI_0150.JPG_-1_10_36.4119_-89.6963.tiff,12.552892,313.47464,24.972305
36.4119,-89.6963,DJI_0150.JPG_-1_11_36.4119_-89.6963.tiff,11.026893,249.48322,22.624979
36.4119,-89.6963,DJI_0150.JPG_0_3_36.4119_-89.6963.tiff,12.348289,309.44775,25.05997
36.4119,-89.6963,DJI_0150.JPG_0_4_36.4119_-89.6963.tiff,12.795642,287.07764,22.43558
36.4119,-89.6963,DJI_0150.JPG_0_5_36.4119_-89.6963.tiff,15.387916,469.4183,30.505646
36.4119,-89.6963,DJI_0150.JPG_0_6_36.4119_-89.6963.tiff,13.908011,375.97156,27.032732
36.4119,-89.6963,DJI_0150.JPG_0_7_36.4119_-89.6963.tiff,11.386481,230.68175,20.259266
36.4119,-89.6963,DJI_0150.JPG_0_8_36.4119_-89.6963.tiff,9.602227,153.18248,15.952807
36.4119,-89.6963,DJI_0150.JPG_0_9_36.4119_-89.6963.tiff,14.422551,335.45428,23.259012
36.4119,-89.6963,DJI_0150.JPG_0_10_36.4119_-89.6963.tiff,9.990156,191.32239,19.15109
36.4119,-89.6963,DJI_0150.JPG_0_11_36.4119_-89.6963.tiff,13.259955,255.3207,19.255018
36.4119,-89.6963,DJI_0150.JPG_1_3_36.4119_-89.6963.tiff,13.785649,353.69785,25.65696
36.4119,-89.6963,DJI_0150.JPG_1_4_36.4119_-89.6963.tiff,12.312325,298.1999,24.219625
36.4119,-89.6963,DJI_0150.JPG_1_5_36.4119_-89.6963.tiff,13.364905,376.0553,28.13752
36.4119,-89.6963,DJI_0150.JPG_1_6_36.4119_-89.6963.tiff,13.483363,394.7635,29.27782
36.4119,-89.6963,DJI_0150.JPG_1_7_36.4119_-89.6963.tiff,10.935761,246.56206,22.5464
36.4119,-89.6963,DJI_0150.JPG_1_8_36.4119_-89.6963.tiff,10.103236,169.76408,16.80294
36.4119,-89.6963,DJI_0150.JPG_1_9_36.4119_-89.6963.tiff,12.580054,289.417,23.006021
36.4119,-89.6963,DJI_0150.JPG_1_10_36.4119_-89.6963.tiff,9.625972,213.96735,22.228128
36.4119,-89.6963,DJI_0150.JPG_1_11_36.4119_-89.6963.tiff,14.810481,349.77017,23.616396
36.4119,-89.6963,DJI_0150.JPG_2_3_36.4119_-89.6963.tiff,13.39682,339.62888,25.351454
36.4119,-89.6963,DJI_0150.JPG_2_4_36.4119_-89.6963.tiff,11.670514,306.09033,26.227665
36.4119,-89.6963,DJI_0150.JPG_2_5_36.4119_-89.6963.tiff,14.442584,311.84518,21.592064
36.4119,-89.6963,DJI_0150.JPG_2_6_36.4119_-89.6963.tiff,13.262818,375.73288,28.329792
36.4119,-89.6963,DJI_0150.JPG_2_7_36.4119_-89.6963.tiff,11.373628,294.17966,25.865068
36.4119,-89.6963,DJI_0150.JPG_2_8_36.4119_-89.6963.tiff,12.73671,250.38107,19.658222
36.4119,-89.6963,DJI_0150.JPG_2_9_36.4119_-89.6963.tiff,13.236224,325.5612,24.596228
36.4119,-89.6963,DJI_0150.JPG_2_10_36.4119_-89.6963.tiff,10.294103,223.67786,21.728737
36.4119,-89.6963,DJI_0150.JPG_2_11_36.4119_-89.6963.tiff,10.442792,220.33197,21.098953
36.412,-89.6963,DJI_0151.JPG_-2_3_36.4119_-89.6963.tiff,11.600604,298.12112,25.69876
36.412,-89.6963,DJI_0151.JPG_-2_4_36.4119_-89.6963.tiff,13.831439,357.20798,25.8258
36.412,-89.6963,DJI_0151.JPG_-2_5_36.4119_-89.6963.tiff,14.530099,416.02957,28.63226
36.412,-89.6963,DJI_0151.JPG_-2_6_36.4119_-89.6963.tiff,11.5766535,315.1774,27.22526
36.412,-89.6963,DJI_0151.JPG_-2_7_36.4119_-89.6963.tiff,12.520989,335.89917,26.826887
36.412,-89.6963,DJI_0151.JPG_-2_8_36.4119_-89.6963.tiff,12.794667,366.53067,28.647144
36.412,-89.6963,DJI_0151.JPG_-2_9_36.4119_-89.6963.tiff,12.572272,304.90897,24.252495
36.412,-89.6963,DJI_0151.JPG_-2_10_36.4119_-89.6963.tiff,12.768083,299.9258,23.490278
36.412,-89.6963,DJI_0151.JPG_-2_11_36.4119_-89.6963.tiff,14.442214,435.87265,30.18046
36.4119,-89.6963,DJI_0151.JPG_-1_3_36.4119_-89.6963.tiff,13.319031,333.93573,25.072075
36.4119,-89.6963,DJI_0151.JPG_-1_4_36.4119_-89.6963.tiff,12.490693,341.78152,27.362896
36.4119,-89.6963,DJI_0151.JPG_-1_5_36.4119_-89.6963.tiff,12.430293,346.28986,27.858543
36.4119,-89.6963,DJI_0151.JPG_-1_6_36.4119_-89.6963.tiff,10.935733,258.49802,23.637924
36.4119,-89.6963,DJI_0151.JPG_-1_7_36.4119_-89.6963.tiff,12.209657,312.02417,25.555523
36.4119,-89.6963,DJI_0151.JPG_-1_8_36.4119_-89.6963.tiff,13.330038,352.076,26.412228
36.4119,-89.6963,DJI_0151.JPG_-1_9_36.4119_-89.6963.tiff,12.419524,386.17316,31.094038
36.4119,-89.6963,DJI_0151.JPG_-1_10_36.4119_-89.6963.tiff,13.594111,349.5038,25.709942
36.4119,-89.6963,DJI_0151.JPG_-1_11_36.4119_-89.6963.tiff,11.653123,277.6531,23.826498
36.4119,-89.6963,DJI_0151.JPG_0_3_36.4119_-89.6963.tiff,11.6160755,289.818,24.949734
36.4119,-89.6963,DJI_0151.JPG_0_4_36.4119_-89.6963.tiff,11.231094,313.5309,27.916328
36.4119,-89.6963,DJI_0151.JPG_0_5_36.4119_-89.6963.tiff,11.337744,338.606,29.865377
36.4119,-89.6963,DJI_0151.JPG_0_6_36.4119_-89.6963.tiff,11.99439,284.0952,23.685675
36.4119,-89.6963,DJI_0151.JPG_0_7_36.4119_-89.6963.tiff,13.40079,330.54175,24.66584
36.4119,-89.6963,DJI_0151.JPG_0_8_36.4119_-89.6963.tiff,12.931236,313.7542,24.26328
36.4119,-89.6963,DJI_0151.JPG_0_9_36.4119_-89.6963.tiff,13.644942,388.49615,28.471806
36.4119,-89.6963,DJI_0151.JPG_0_10_36.4119_-89.6963.tiff,10.062295,199.78883,19.855196
36.4119,-89.6963,DJI_0151.JPG_0_11_36.4119_-89.6963.tiff,14.378605,365.1083,25.392471
36.4119,-89.6963,DJI_0151.JPG_1_3_36.4119_-89.6963.tiff,13.523037,357.6344,26.446308
36.4119,-89.6963,DJI_0151.JPG_1_4_36.4119_-89.6963.tiff,10.881638,310.27,28.51317
36.4119,-89.6963,DJI_0151.JPG_1_5_36.4119_-89.6963.tiff,13.407416,404.47162,30.167753
36.4119,-89.6963,DJI_0151.JPG_1_6_36.4119_-89.6963.tiff,13.352298,370.20093,27.725634
36.4119,-89.6963,DJI_0151.JPG_1_7_36.4119_-89.6963.tiff,9.746865,196.34218,20.144136
36.4119,-89.6963,DJI_0151.JPG_1_8_36.4119_-89.6963.tiff,11.453214,269.1801,23.502584
36.4119,-89.6963,DJI_0151.JPG_1_9_36.4119_-89.6963.tiff,13.068938,335.4074,25.664473
36.4119,-89.6963,DJI_0151.JPG_1_10_36.4119_-89.6963.tiff,13.6035795,284.2797,20.897419
36.4119,-89.6963,DJI_0151.JPG_1_11_36.4119_-89.6963.tiff,10.801203,240.2664,22.244411
36.4119,-89.6963,DJI_0151.JPG_2_3_36.4119_-89.6963.tiff,12.199914,340.34183,27.897068
36.4119,-89.6963,DJI_0151.JPG_2_4_36.4119_-89.6963.tiff,12.236825,322.02396,26.315973
36.4119,-89.6963,DJI_0151.JPG_2_5_36.4119_-89.6963.tiff,10.826669,276.05316,25.497517
36.4119,-89.6963,DJI_0151.JPG_2_6_36.4119_-89.6963.tiff,11.115878,241.81583,21.754091
36.4119,-89.6963,DJI_0151.JPG_2_7_36.4119_-89.6963.tiff,13.106235,300.51672,22.929295
36.4119,-89.6963,DJI_0151.JPG_2_8_36.4119_-89.6963.tiff,11.009021,234.33623,21.285837
36.4119,-89.6963,DJI_0151.JPG_2_9_36.4119_-89.6963.tiff,13.720706,397.63263,28.980478
36.4119,-89.6963,DJI_0151.JPG_2_10_36.4119_-89.6963.tiff,11.586555,284.3753,24.54356
36.4119,-89.6963,DJI_0151.JPG_2_11_36.4119_-89.6963.tiff,13.565855,370.41016,27.304594
36.412,-89.6963,DJI_0152.JPG_-2_3_36.412_-89.6963.tiff,13.679856,315.84662,23.088446
36.412,-89.6963,DJI_0152.JPG_-2_4_36.412_-89.6963.tiff,12.143947,323.0556,26.602192
36.412,-89.6963,DJI_0152.JPG_-2_5_36.412_-89.6963.tiff,12.65182,342.887,27.101791
36.412,-89.6963,DJI_0152.JPG_-2_6_36.412_-89.6963.tiff,13.385123,387.89304,28.979414
36.412,-89.6963,DJI_0152.JPG_-2_7_36.412_-89.6963.tiff,11.807881,292.31955,24.756308
36.412,-89.6963,DJI_0152.JPG_-2_8_36.412_-89.6963.tiff,11.127271,287.46304,25.834103
36.412,-89.6963,DJI_0152.JPG_-2_9_36.412_-89.6963.tiff,13.74537,374.1473,27.21988
36.412,-89.6963,DJI_0152.JPG_-2_10_36.412_-89.6963.tiff,10.720117,311.4734,29.055037
36.412,-89.6963,DJI_0152.JPG_-2_11_36.412_-89.6963.tiff,10.953084,328.95877,30.033438
36.412,-89.6963,DJI_0152.JPG_-1_3_36.412_-89.6963.tiff,13.798451,344.40018,24.959335
36.412,-89.6963,DJI_0152.JPG_-1_4_36.412_-89.6963.tiff,13.46548,329.153,24.44421
36.412,-89.6963,DJI_0152.JPG_-1_5_36.412_-89.6963.tiff,13.270265,319.35785,24.065674
36.412,-89.6963,DJI_0152.JPG_-1_6_36.412_-89.6963.tiff,12.02111,279.99515,23.291956
36.412,-89.6963,DJI_0152.JPG_-1_7_36.412_-89.6963.tiff,11.601123,260.34225,22.441126
36.412,-89.6963,DJI_0152.JPG_-1_8_36.412_-89.6963.tiff,11.45259,313.50415,27.374083
36.412,-89.6963,DJI_0152.JPG_-1_9_36.412_-89.6963.tiff,13.369189,364.21634,27.242964
36.412,-89.6963,DJI_0152.JPG_-1_10_36.412_-89.6963.tiff,11.352443,300.71088,26.48865
36.412,-89.6963,DJI_0152.JPG_-1_11_36.412_-89.6963.tiff,13.780173,405.9831,29.461393
36.412,-89.6963,DJI_0152.JPG_0_3_36.412_-89.6963.tiff,13.009831,320.26297,24.616997
36.412,-89.6963,DJI_0152.JPG_0_4_36.412_-89.6963.tiff,13.597329,309.8673,22.788836
36.412,-89.6963,DJI_0152.JPG_0_5_36.412_-89.6963.tiff,14.546626,394.59305,27.126087
36.412,-89.6963,DJI_0152.JPG_0_6_36.412_-89.6963.tiff,12.927813,311.19196,24.071508
36.412,-89.6963,DJI_0152.JPG_0_7_36.412_-89.6963.tiff,11.423091,283.44434,24.813278
36.412,-89.6963,DJI_0152.JPG_0_8_36.412_-89.6963.tiff,11.119403,296.72684,26.685501
36.412,-89.6963,DJI_0152.JPG_0_9_36.412_-89.6963.tiff,11.708448,280.2333,23.934282
36.412,-89.6963,DJI_0152.JPG_0_10_36.412_-89.6963.tiff,14.124915,376.07434,26.624891
36.412,-89.6963,DJI_0152.JPG_0_11_36.412_-89.6963.tiff,12.803351,394.117,30.782331
36.412,-89.6963,DJI_0152.JPG_1_3_36.412_-89.6963.tiff,10.215075,259.9664,25.449291
36.412,-89.6963,DJI_0152.JPG_1_4_36.412_-89.6963.tiff,12.596177,395.99927,31.438051
36.412,-89.6963,DJI_0152.JPG_1_5_36.412_-89.6963.tiff,11.580928,292.45566,25.253214
36.412,-89.6963,DJI_0152.JPG_1_6_36.412_-89.6963.tiff,12.546649,301.5145,24.031477
36.412,-89.6963,DJI_0152.JPG_1_7_36.412_-89.6963.tiff,12.999472,309.48175,23.807257
36.412,-89.6963,DJI_0152.JPG_1_8_36.412_-89.6963.tiff,11.604009,310.34064,26.74426
36.412,-89.6963,DJI_0152.JPG_1_9_36.412_-89.6963.tiff,12.323116,346.05405,28.0817
36.412,-89.6963,DJI_0152.JPG_1_10_36.412_-89.6963.tiff,13.747676,292.08063,21.24582
36.412,-89.6963,DJI_0152.JPG_1_11_36.412_-89.6963.tiff,13.439599,405.98965,30.208466
36.412,-89.6963,DJI_0152.JPG_2_3_36.412_-89.6963.tiff,11.410348,302.3939,26.501724
36.412,-89.6963,DJI_0152.JPG_2_4_36.412_-89.6963.tiff,13.538396,359.6445,26.56478
36.412,-89.6963,DJI_0152.JPG_2_5_36.412_-89.6963.tiff,12.810926,319.36688,24.929256
36.412,-89.6963,DJI_0152.JPG_2_6_36.412_-89.6963.tiff,11.72734,250.84764,21.389986
36.412,-89.6963,DJI_0152.JPG_2_7_36.412_-89.6963.tiff,11.783343,261.39966,22.183828
36.412,-89.6963,DJI_0152.JPG_2_8_36.412_-89.6963.tiff,14.985893,351.08685,23.427822
36.412,-89.6963,DJI_0152.JPG_2_9_36.412_-89.6963.tiff,12.321649,286.4849,23.250532
36.412,-89.6963,DJI_0152.JPG_2_10_36.412_-89.6963.tiff,11.943088,260.0998,21.77827
36.412,-89.6963,DJI_0152.JPG_2_11_36.412_-89.6963.tiff,12.878741,410.04498,31.838902
36.412,-89.6963,DJI_0153.JPG_-2_3_36.412_-89.6963.tiff,13.1657915,357.8081,27.177105
36.412,-89.6963,DJI_0153.JPG_-2_4_36.412_-89.6963.tiff,12.655278,355.37976,28.081545
36.412,-89.6963,DJI_0153.JPG_-2_5_36.412_-89.6963.tiff,12.196553,368.24362,30.192434
36.412,-89.6963,DJI_0153.JPG_-2_6_36.412_-89.6963.tiff,12.515653,311.7365,24.907732
36.412,-89.6963,DJI_0153.JPG_-2_7_36.412_-89.6963.tiff,12.146123,342.56656,28.20378
36.412,-89.6963,DJI_0153.JPG_-2_8_36.412_-89.6963.tiff,12.611878,337.14246,26.732136
36.412,-89.6963,DJI_0153.JPG_-2_9_36.412_-89.6963.tiff,11.277136,289.24124,25.648466
36.412,-89.6963,DJI_0153.JPG_-2_10_36.412_-89.6963.tiff,11.639436,350.8174,30.140413
36.412,-89.6963,DJI_0153.JPG_-1_3_36.412_-89.6963.tiff,14.360399,412.80032,28.74574
36.412,-89.6963,DJI_0153.JPG_-1_4_36.412_-89.6963.tiff,13.779959,378.55267,27.471249
36.412,-89.6963,DJI_0153.JPG_-1_5_36.412_-89.6963.tiff,12.396053,314.40552,25.363356
36.412,-89.6963,DJI_0153.JPG_-1_6_36.412_-89.6963.tiff,13.088647,290.83368,22.2203
36.412,-89.6963,DJI_0153.JPG_-1_7_36.412_-89.6963.tiff,11.659087,324.84836,27.862246
36.412,-89.6963,DJI_0153.JPG_-1_8_36.412_-89.6963.tiff,12.536981,341.92456,27.273277
36.412,-89.6963,DJI_0153.JPG_-1_9_36.412_-89.6963.tiff,12.514043,293.31525,23.438889
36.412,-89.6963,DJI_0153.JPG_-1_10_36.412_-89.6963.tiff,11.40079,291.58945,25.576248
36.412,-89.6963,DJI_0153.JPG_0_3_36.412_-89.6963.tiff,12.767592,334.8033,26.2229
36.412,-89.6963,DJI_0153.JPG_0_4_36.412_-89.6963.tiff,12.896549,332.7037,25.797886
36.412,-89.6963,DJI_0153.JPG_0_5_36.412_-89.6963.tiff,12.604024,328.5993,26.070984
36.412,-89.6963,DJI_0153.JPG_0_6_36.412_-89.6963.tiff,11.423466,267.3683,23.405182
36.412,-89.6963,DJI_0153.JPG_0_7_36.412_-89.6963.tiff,10.519992,239.34927,22.75185
36.412,-89.6963,DJI_0153.JPG_0_8_36.412_-89.6963.tiff,13.043244,380.90775,29.203451
36.412,-89.6963,DJI_0153.JPG_0_9_36.412_-89.6963.tiff,13.147427,313.40054,23.837406
36.412,-89.6963,DJI_0153.JPG_0_10_36.412_-89.6963.tiff,12.4828005,342.78583,27.460651
36.412,-89.6963,DJI_0153.JPG_1_3_36.412_-89.6963.tiff,13.717017,322.94324,23.543255
36.412,-89.6963,DJI_0153.JPG_1_4_36.412_-89.6963.tiff,14.828742,422.39215,28.484692
36.412,-89.6963,DJI_0153.JPG_1_5_36.412_-89.6963.tiff,13.695421,294.5408,21.506517
36.412,-89.6963,DJI_0153.JPG_1_6_36.412_-89.6963.tiff,10.680027,204.85109,19.180765
36.412,-89.6963,DJI_0153.JPG_1_7_36.412_-89.6963.tiff,11.9345255,301.18793,25.23669
36.412,-89.6963,DJI_0153.JPG_1_8_36.412_-89.6963.tiff,12.339076,294.88287,23.898294
36.412,-89.6963,DJI_0153.JPG_1_9_36.412_-89.6963.tiff,11.321385,262.52786,23.18867
36.412,-89.6963,DJI_0153.JPG_1_10_36.412_-89.6963.tiff,12.2509165,355.40976,29.010872
36.412,-89.6963,DJI_0153.JPG_2_3_36.412_-89.6963.tiff,11.643035,290.7469,24.971745
36.412,-89.6963,DJI_0153.JPG_2_4_36.412_-89.6963.tiff,12.887,321.9315,24.981104
36.412,-89.6963,DJI_0153.JPG_2_5_36.412_-89.6963.tiff,14.646783,329.71945,22.51139
36.412,-89.6963,DJI_0153.JPG_2_6_36.412_-89.6963.tiff,12.387304,275.55438,22.244904
36.412,-89.6963,DJI_0153.JPG_2_7_36.412_-89.6963.tiff,12.792395,333.21643,26.04801
36.412,-89.6963,DJI_0153.JPG_2_8_36.412_-89.6963.tiff,12.03571,286.52316,23.806087
36.412,-89.6963,DJI_0153.JPG_2_9_36.412_-89.6963.tiff,12.217654,297.51282,24.351059
36.412,-89.6963,DJI_0153.JPG_2_10_36.412_-89.6963.tiff,10.942037,316.447,28.920301
36.4121,-89.6963,DJI_0154.JPG_-2_3_36.4121_-89.6963.tiff,13.30064,310.19623,23.321901
36.4121,-89.6963,DJI_0154.JPG_-2_4_36.4121_-89.6963.tiff,12.85691,320.42676,24.922533
36.4121,-89.6963,DJI_0154.JPG_-2_5_36.4121_-89.6963.tiff,13.2708025,382.887,28.851833
36.4121,-89.6963,DJI_0154.JPG_-2_6_36.4121_-89.6963.tiff,13.441413,374.4119,27.855099
36.4121,-89.6963,DJI_0154.JPG_-2_7_36.4121_-89.6963.tiff,11.478808,283.94705,24.736631
36.4121,-89.6963,DJI_0154.JPG_-2_8_36.4121_-89.6963.tiff,11.191279,274.49783,24.527834
36.4121,-89.6963,DJI_0154.JPG_-2_9_36.4121_-89.6963.tiff,12.092805,376.52908,31.136621
36.4121,-89.6963,DJI_0154.JPG_-2_10_36.4121_-89.6963.tiff,12.6945715,357.9402,28.19632
36.4121,-89.6963,DJI_0154.JPG_-2_11_36.4121_-89.6963.tiff,12.301217,414.31454,33.68078
36.4121,-89.6963,DJI_0154.JPG_-1_3_36.4121_-89.6963.tiff,10.692055,271.95334,25.435087
36.4121,-89.6963,DJI_0154.JPG_-1_4_36.4121_-89.6963.tiff,13.104525,334.43982,25.520943
36.4121,-89.6963,DJI_0154.JPG_-1_5_36.4121_-89.6963.tiff,15.895682,394.35513,24.808947
36.4121,-89.6963,DJI_0154.JPG_-1_6_36.4121_-89.6963.tiff,10.872077,272.6741,25.080221
36.4121,-89.6963,DJI_0154.JPG_-1_7_36.4121_-89.6963.tiff,10.9445505,272.0342,24.855677
36.4121,-89.6963,DJI_0154.JPG_-1_8_36.4121_-89.6963.tiff,10.670396,229.13718,21.474102
36.4121,-89.6963,DJI_0154.JPG_-1_9_36.4121_-89.6963.tiff,11.515266,307.97714,26.745117
36.4121,-89.6963,DJI_0154.JPG_-1_10_36.4121_-89.6963.tiff,11.398477,313.1363,27.471767
36.4121,-89.6963,DJI_0154.JPG_-1_11_36.4121_-89.6963.tiff,13.329393,426.62158,32.006077
36.4121,-89.6963,DJI_0154.JPG_0_3_36.4121_-89.6963.tiff,13.042238,319.7688,24.517939
36.4121,-89.6963,DJI_0154.JPG_0_4_36.4121_-89.6963.tiff,13.958289,333.76285,23.911444
36.4121,-89.6963,DJI_0154.JPG_0_5_36.4121_-89.6963.tiff,16.314753,474.76025,29.100058
36.4121,-89.6963,DJI_0154.JPG_0_6_36.4121_-89.6963.tiff,12.410189,303.74518,24.475468
36.4121,-89.6963,DJI_0154.JPG_0_7_36.4121_-89.6963.tiff,12.1384115,276.18475,22.752956
36.4121,-89.6963,DJI_0154.JPG_0_8_36.4121_-89.6963.tiff,11.930757,349.90543,29.328016
36.4121,-89.6963,DJI_0154.JPG_0_9_36.4121_-89.6963.tiff,13.046742,379.83945,29.113739
36.4121,-89.6963,DJI_0154.JPG_0_10_36.4121_-89.6963.tiff,13.188743,352.1214,26.698633
36.4121,-89.6963,DJI_0154.JPG_0_11_36.4121_-89.6963.tiff,10.000726,303.6476,30.362558
36.412,-89.6963,DJI_0154.JPG_1_3_36.4121_-89.6963.tiff,12.135947,300.99567,24.801992
36.412,-89.6963,DJI_0154.JPG_1_4_36.4121_-89.6963.tiff,14.675597,346.52225,23.612139
36.412,-89.6963,DJI_0154.JPG_1_5_36.4121_-89.6963.tiff,14.332356,363.39062,25.354563
36.412,-89.6963,DJI_0154.JPG_1_6_36.4121_-89.6963.tiff,13.610843,328.26337,24.117785
36.412,-89.6963,DJI_0154.JPG_1_7_36.4121_-89.6963.tiff,9.204666,163.61125,17.774817
36.412,-89.6963,DJI_0154.JPG_1_8_36.4121_-89.6963.tiff,12.847613,313.3754,24.39172
36.412,-89.6963,DJI_0154.JPG_1_9_36.4121_-89.6963.tiff,13.792271,418.87283,30.370113
36.412,-89.6963,DJI_0154.JPG_1_10_36.4121_-89.6963.tiff,13.407817,355.57007,26.51961
36.412,-89.6963,DJI_0154.JPG_1_11_36.4121_-89.6963.tiff,10.72318,283.31003,26.420338
36.412,-89.6963,DJI_0154.JPG_2_3_36.4121_-89.6963.tiff,10.620351,268.5704,25.28828
36.412,-89.6963,DJI_0154.JPG_2_4_36.4121_-89.6963.tiff,13.574723,355.51556,26.189526
36.412,-89.6963,DJI_0154.JPG_2_5_36.4121_-89.6963.tiff,12.400853,302.51846,24.394972
36.412,-89.6963,DJI_0154.JPG_2_6_36.4121_-89.6963.tiff,13.014257,384.99756,29.582752
36.412,-89.6963,DJI_0154.JPG_2_7_36.4121_-89.6963.tiff,12.02576,229.25018,19.06326
36.412,-89.6963,DJI_0154.JPG_2_8_36.4121_-89.6963.tiff,10.942178,252.0534,23.03503
36.412,-89.6963,DJI_0154.JPG_2_9_36.4121_-89.6963.tiff,10.66364,247.81749,23.239483
36.412,-89.6963,DJI_0154.JPG_2_10_36.4121_-89.6963.tiff,12.367482,342.61044,27.702522
36.412,-89.6963,DJI_0154.JPG_2_11_36.4121_-89.6963.tiff,10.153066,305.11926,30.051935
36.4121,-89.6963,DJI_0155.JPG_-2_3_36.4121_-89.6963.tiff,13.884167,316.41443,22.789587
36.4121,-89.6963,DJI_0155.JPG_-2_4_36.4121_-89.6963.tiff,11.166471,271.41382,24.306143
36.4121,-89.6963,DJI_0155.JPG_-2_5_36.4121_-89.6963.tiff,11.304087,274.093,24.247248
36.4121,-89.6963,DJI_0155.JPG_-2_6_36.4121_-89.6963.tiff,11.534485,233.5359,20.246756
36.4121,-89.6963,DJI_0155.JPG_-2_7_36.4121_-89.6963.tiff,10.34876,214.58115,20.734962
36.4121,-89.6963,DJI_0155.JPG_-2_8_36.4121_-89.6963.tiff,9.482556,249.19012,26.278791
36.4121,-89.6963,DJI_0155.JPG_-2_9_36.4121_-89.6963.tiff,9.786496,254.76694,26.032497
36.4121,-89.6963,DJI_0155.JPG_-2_10_36.4121_-89.6963.tiff,11.998223,355.7543,29.650581
36.4121,-89.6963,DJI_0155.JPG_-2_11_36.4121_-89.6963.tiff,13.983241,460.04764,32.89993
36.4121,-89.6963,DJI_0155.JPG_-1_3_36.4121_-89.6963.tiff,14.092313,369.67288,26.232237
36.4121,-89.6963,DJI_0155.JPG_-1_4_36.4121_-89.6963.tiff,11.522389,262.9067,22.81703
36.4121,-89.6963,DJI_0155.JPG_-1_5_36.4121_-89.6963.tiff,12.48085,311.6626,24.971264
36.4121,-89.6963,DJI_0155.JPG_-1_6_36.4121_-89.6963.tiff,13.606233,308.6676,22.685751
36.4121,-89.6963,DJI_0155.JPG_-1_7_36.4121_-89.6963.tiff,10.46263,241.28458,23.06156
36.4121,-89.6963,DJI_0155.JPG_-1_8_36.4121_-89.6963.tiff,10.730941,249.90546,23.28831
36.4121,-89.6963,DJI_0155.JPG_-1_9_36.4121_-89.6963.tiff,12.66834,358.16785,28.272675
36.4121,-89.6963,DJI_0155.JPG_-1_10_36.4121_-89.6963.tiff,11.210255,225.456,20.111586
36.4121,-89.6963,DJI_0155.JPG_-1_11_36.4121_-89.6963.tiff,12.970585,348.1797,26.843792
36.4121,-89.6963,DJI_0155.JPG_0_3_36.4121_-89.6963.tiff,13.0336485,280.53702,21.52406
36.4121,-89.6963,DJI_0155.JPG_0_4_36.4121_-89.6963.tiff,13.201856,339.70767,25.731812
36.4121,-89.6963,DJI_0155.JPG_0_5_36.4121_-89.6963.tiff,13.80627,378.3453,27.403877
36.4121,-89.6963,DJI_0155.JPG_0_6_36.4121_-89.6963.tiff,11.824843,270.9566,22.91418
36.4121,-89.6963,DJI_0155.JPG_0_7_36.4121_-89.6963.tiff,12.115241,276.57532,22.828709
36.4121,-89.6963,DJI_0155.JPG_0_8_36.4121_-89.6963.tiff,11.749696,300.5337,25.577997
36.4121,-89.6963,DJI_0155.JPG_0_9_36.4121_-89.6963.tiff,14.093158,384.41913,27.277004
36.4121,-89.6963,DJI_0155.JPG_0_10_36.4121_-89.6963.tiff,13.295312,389.64023,29.306587
36.4121,-89.6963,DJI_0155.JPG_0_11_36.4121_-89.6963.tiff,12.731862,445.757,35.01114
36.4121,-89.6963,DJI_0155.JPG_1_3_36.4121_-89.6963.tiff,10.960139,248.57718,22.68011
36.4121,-89.6963,DJI_0155.JPG_1_4_36.4121_-89.6963.tiff,12.830672,323.72226,25.230343
36.4121,-89.6963,DJI_0155.JPG_1_5_36.4121_-89.6963.tiff,13.693099,335.39136,24.49346
36.4121,-89.6963,DJI_0155.JPG_1_6_36.4121_-89.6963.tiff,13.645944,297.31927,21.788107
36.4121,-89.6963,DJI_0155.JPG_1_7_36.4121_-89.6963.tiff,10.59793,247.92946,23.39414
36.4121,-89.6963,DJI_0155.JPG_1_8_36.4121_-89.6963.tiff,9.304965,206.99179,22.245306
36.4121,-89.6963,DJI_0155.JPG_1_9_36.4121_-89.6963.tiff,12.681055,370.63663,29.227587
36.4121,-89.6963,DJI_0155.JPG_1_10_36.4121_-89.6963.tiff,11.250775,285.30902,25.359055
36.4121,-89.6963,DJI_0155.JPG_1_11_36.4121_-89.6963.tiff,12.906941,413.73608,32.055317
36.4121,-89.6963,DJI_0155.JPG_2_3_36.4121_-89.6963.tiff,14.02532,304.63354,21.720257
36.4121,-89.6963,DJI_0155.JPG_2_4_36.4121_-89.6963.tiff,12.521171,299.43405,23.914223
36.4121,-89.6963,DJI_0155.JPG_2_5_36.4121_-89.6963.tiff,14.628759,399.30157,27.295656
36.4121,-89.6963,DJI_0155.JPG_2_6_36.4121_-89.6963.tiff,12.053298,316.75455,26.279491
36.4121,-89.6963,DJI_0155.JPG_2_7_36.4121_-89.6963.tiff,11.474584,219.58105,19.1363
36.4121,-89.6963,DJI_0155.JPG_2_8_36.4121_-89.6963.tiff,12.560388,312.09103,24.847246
36.4121,-89.6963,DJI_0155.JPG_2_9_36.4121_-89.6963.tiff,11.498549,310.47147,27.000925
36.4121,-89.6963,DJI_0155.JPG_2_10_36.4121_-89.6963.tiff,12.678448,325.35138,25.661768
36.4121,-89.6963,DJI_0155.JPG_2_11_36.4121_-89.6963.tiff,12.909651,399.59937,30.953537
36.4121,-89.6963,DJI_0156.JPG_-2_3_36.4121_-89.6963.tiff,12.991994,311.28616,23.959845
36.4121,-89.6963,DJI_0156.JPG_-2_4_36.4121_-89.6963.tiff,13.419001,434.94992,32.41299
36.4121,-89.6963,DJI_0156.JPG_-2_5_36.4121_-89.6963.tiff,13.393468,410.24777,30.630436
36.4121,-89.6963,DJI_0156.JPG_-2_6_36.4121_-89.6963.tiff,13.439961,412.504,30.69235
36.4121,-89.6963,DJI_0156.JPG_-2_7_36.4121_-89.6963.tiff,12.016372,341.20898,28.395342
36.4121,-89.6963,DJI_0156.JPG_-2_8_36.4121_-89.6963.tiff,11.002494,309.989,28.174433
36.4121,-89.6963,DJI_0156.JPG_-2_9_36.4121_-89.6963.tiff,11.24285,312.2172,27.770288
36.4121,-89.6963,DJI_0156.JPG_-2_10_36.4121_-89.6963.tiff,11.639142,246.06909,21.141514
36.4121,-89.6963,DJI_0156.JPG_-2_11_36.4121_-89.6963.tiff,12.630433,410.6126,32.50978
36.4121,-89.6963,DJI_0156.JPG_-1_3_36.4121_-89.6963.tiff,12.616167,323.77368,25.663395
36.4121,-89.6963,DJI_0156.JPG_-1_4_36.4121_-89.6963.tiff,13.855175,374.71896,27.045416
36.4121,-89.6963,DJI_0156.JPG_-1_5_36.4121_-89.6963.tiff,12.45898,353.20132,28.349138
36.4121,-89.6963,DJI_0156.JPG_-1_6_36.4121_-89.6963.tiff,12.530416,297.1195,23.711864
36.4121,-89.6963,DJI_0156.JPG_-1_7_36.4121_-89.6963.tiff,12.837878,342.77252,26.700092
36.4121,-89.6963,DJI_0156.JPG_-1_8_36.4121_-89.6963.tiff,13.586694,378.64322,27.86868
36.4121,-89.6963,DJI_0156.JPG_-1_9_36.4121_-89.6963.tiff,13.921361,453.8011,32.597466
36.4121,-89.6963,DJI_0156.JPG_-1_10_36.4121_-89.6963.tiff,10.928234,252.80386,23.133093
36.4121,-89.6963,DJI_0156.JPG_-1_11_36.4121_-89.6963.tiff,13.761329,425.01462,30.884708
36.4121,-89.6963,DJI_0156.JPG_0_3_36.4121_-89.6963.tiff,12.640761,316.23932,25.017427
36.4121,-89.6963,DJI_0156.JPG_0_4_36.4121_-89.6963.tiff,12.354714,314.77966,25.478506
36.4121,-89.6963,DJI_0156.JPG_0_5_36.4121_-89.6963.tiff,14.684815,338.86398,23.075808
36.4121,-89.6963,DJI_0156.JPG_0_6_36.4121_-89.6963.tiff,12.357512,266.2541,21.545929
36.4121,-89.6963,DJI_0156.JPG_0_7_36.4121_-89.6963.tiff,11.705655,344.12564,29.39824
36.4121,-89.6963,DJI_0156.JPG_0_8_36.4121_-89.6963.tiff,10.555882,259.36597,24.570751
36.4121,-89.6963,DJI_0156.JPG_0_9_36.4121_-89.6963.tiff,9.745822,292.3252,29.994925
36.4121,-89.6963,DJI_0156.JPG_0_10_36.4121_-89.6963.tiff,8.824502,206.69977,23.423391
36.4121,-89.6963,DJI_0156.JPG_0_11_36.4121_-89.6963.tiff,13.612868,442.40118,32.49875
36.4121,-89.6963,DJI_0156.JPG_1_3_36.4121_-89.6963.tiff,13.266774,292.48248,22.04624
36.4121,-89.6963,DJI_0156.JPG_1_4_36.4121_-89.6963.tiff,13.34718,299.30667,22.424711
36.4121,-89.6963,DJI_0156.JPG_1_5_36.4121_-89.6963.tiff,15.954778,392.272,24.58649
36.4121,-89.6963,DJI_0156.JPG_1_6_36.4121_-89.6963.tiff,13.4797325,379.46286,28.150623
36.4121,-89.6963,DJI_0156.JPG_1_7_36.4121_-89.6963.tiff,9.861083,251.4945,25.50374
36.4121,-89.6963,DJI_0156.JPG_1_8_36.4121_-89.6963.tiff,11.199597,290.87872,25.972248
36.4121,-89.6963,DJI_0156.JPG_1_9_36.4121_-89.6963.tiff,12.135701,356.19357,29.350885
36.4121,-89.6963,DJI_0156.JPG_1_10_36.4121_-89.6963.tiff,11.626536,297.02438,25.547108
36.4121,-89.6963,DJI_0156.JPG_1_11_36.4121_-89.6963.tiff,13.641686,450.84058,33.04874
36.4121,-89.6963,DJI_0156.JPG_2_3_36.4121_-89.6963.tiff,13.3774805,260.00665,19.436146
36.4121,-89.6963,DJI_0156.JPG_2_4_36.4121_-89.6963.tiff,12.985553,303.8139,23.396301
36.4121,-89.6963,DJI_0156.JPG_2_5_36.4121_-89.6963.tiff,13.677777,379.38,27.736963
36.4121,-89.6963,DJI_0156.JPG_2_6_36.4121_-89.6963.tiff,13.170875,279.40955,21.2142
36.4121,-89.6963,DJI_0156.JPG_2_7_36.4121_-89.6963.tiff,8.320325,161.77261,19.443064
36.4121,-89.6963,DJI_0156.JPG_2_8_36.4121_-89.6963.tiff,11.73338,323.37192,27.559996
36.4121,-89.6963,DJI_0156.JPG_2_9_36.4121_-89.6963.tiff,9.051555,229.07652,25.307976
36.4121,-89.6963,DJI_0156.JPG_2_10_36.4121_-89.6963.tiff,11.036943,270.7163,24.528196
36.4121,-89.6963,DJI_0156.JPG_2_11_36.4121_-89.6963.tiff,12.851157,417.46222,32.484406
36.4122,-89.6963,DJI_0157.JPG_-2_3_36.4122_-89.6963.tiff,13.473603,335.66605,24.912865
36.4122,-89.6963,DJI_0157.JPG_-2_4_36.4122_-89.6963.tiff,11.563758,348.13504,30.105701
36.4122,-89.6963,DJI_0157.JPG_-2_5_36.4122_-89.6963.tiff,15.820807,492.2249,31.112503
36.4122,-89.6963,DJI_0157.JPG_-2_6_36.4122_-89.6963.tiff,11.380395,302.68826,26.597343
36.4122,-89.6963,DJI_0157.JPG_-2_7_36.4122_-89.6963.tiff,13.772639,429.38834,31.17691
36.4122,-89.6963,DJI_0157.JPG_-2_8_36.4122_-89.6963.tiff,12.186733,328.97,26.994108
36.4122,-89.6963,DJI_0157.JPG_-2_9_36.4122_-89.6963.tiff,10.899237,299.2494,27.455996
36.4122,-89.6963,DJI_0157.JPG_-2_10_36.4122_-89.6963.tiff,10.210212,242.27438,23.728634
36.4122,-89.6962,DJI_0157.JPG_-2_11_36.4122_-89.6963.tiff,12.72885,344.32065,27.050411
36.4122,-89.6963,DJI_0157.JPG_-1_3_36.4122_-89.6963.tiff,14.185641,338.79382,23.88287
36.4122,-89.6963,DJI_0157.JPG_-1_4_36.4122_-89.6963.tiff,13.75064,382.73212,27.833767
36.4122,-89.6963,DJI_0157.JPG_-1_5_36.4122_-89.6963.tiff,13.194961,340.92673,25.837646
36.4122,-89.6963,DJI_0157.JPG_-1_6_36.4122_-89.6963.tiff,13.28564,376.9177,28.370308
36.4122,-89.6963,DJI_0157.JPG_-1_7_36.4122_-89.6963.tiff,12.020253,273.45526,22.749542
36.4122,-89.6963,DJI_0157.JPG_-1_8_36.4122_-89.6963.tiff,13.374856,372.50403,27.851068
36.4122,-89.6963,DJI_0157.JPG_-1_9_36.4122_-89.6963.tiff,11.967822,315.20956,26.338089
36.4122,-89.6963,DJI_0157.JPG_-1_10_36.4122_-89.6963.tiff,12.06754,332.28046,27.53506
36.4122,-89.6962,DJI_0157.JPG_-1_11_36.4122_-89.6963.tiff,13.037244,361.8444,27.75467
36.4122,-89.6963,DJI_0157.JPG_0_3_36.4122_-89.6963.tiff,12.997123,325.48795,25.043077
36.4122,-89.6963,DJI_0157.JPG_0_4_36.4122_-89.6963.tiff,12.320327,318.4668,25.848892
36.4122,-89.6963,DJI_0157.JPG_0_5_36.4122_-89.6963.tiff,13.944915,398.59097,28.583248
36.4122,-89.6963,DJI_0157.JPG_0_6_36.4122_-89.6963.tiff,14.211983,370.71872,26.08494
36.4122,-89.6963,DJI_0157.JPG_0_7_36.4122_-89.6963.tiff,12.147941,275.25784,22.658808
36.4122,-89.6963,DJI_0157.JPG_0_8_36.4122_-89.6963.tiff,10.278528,271.26773,26.39169
36.4122,-89.6963,DJI_0157.JPG_0_9_36.4122_-89.6963.tiff,12.031856,315.4718,26.219713
36.4122,-89.6963,DJI_0157.JPG_0_10_36.4122_-89.6963.tiff,12.399631,265.82343,21.438011
36.4122,-89.6962,DJI_0157.JPG_0_11_36.4122_-89.6963.tiff,13.007325,382.2269,29.385511
36.4122,-89.6963,DJI_0157.JPG_1_3_36.4122_-89.6963.tiff,12.595441,305.5245,24.256754
36.4122,-89.6963,DJI_0157.JPG_1_4_36.4122_-89.6963.tiff,13.089025,355.35123,27.148794
36.4122,-89.6963,DJI_0157.JPG_1_5_36.4122_-89.6963.tiff,14.204116,370.9069,26.112635
36.4122,-89.6963,DJI_0157.JPG_1_6_36.4122_-89.6963.tiff,12.717335,333.4631,26.221148
36.4122,-89.6963,DJI_0157.JPG_1_7_36.4122_-89.6963.tiff,10.786492,254.17903,23.564568
36.4122,-89.6963,DJI_0157.JPG_1_8_36.4122_-89.6963.tiff,12.513431,331.873,26.521343
36.4122,-89.6963,DJI_0157.JPG_1_9_36.4122_-89.6963.tiff,11.897278,322.83282,27.135015
36.4122,-89.6963,DJI_0157.JPG_1_10_36.4122_-89.6963.tiff,12.348409,331.09592,26.812841
36.4122,-89.6962,DJI_0157.JPG_1_11_36.4122_-89.6963.tiff,13.613502,389.2334,28.591719
36.4122,-89.6963,DJI_0157.JPG_2_3_36.4122_-89.6963.tiff,12.532996,303.23306,24.194778
36.4122,-89.6963,DJI_0157.JPG_2_4_36.4122_-89.6963.tiff,12.942569,405.535,31.333426
36.4122,-89.6963,DJI_0157.JPG_2_5_36.4122_-89.6963.tiff,15.101192,409.05118,27.087343
36.4122,-89.6963,DJI_0157.JPG_2_6_36.4122_-89.6963.tiff,11.0879965,291.1257,26.255934
36.4122,-89.6963,DJI_0157.JPG_2_7_36.4122_-89.6963.tiff,13.269054,338.7508,25.529385
36.4122,-89.6963,DJI_0157.JPG_2_8_36.4122_-89.6963.tiff,12.247125,327.9703,26.779371
36.4122,-89.6963,DJI_0157.JPG_2_9_36.4122_-89.6963.tiff,10.366254,291.02097,28.07388
36.4122,-89.6963,DJI_0157.JPG_2_10_36.4122_-89.6963.tiff,10.24607,217.27791,21.205976
36.4122,-89.6962,DJI_0157.JPG_2_11_36.4122_-89.6963.tiff,12.252713,353.01138,28.810875
36.4122,-89.6963,DJI_0158.JPG_-2_3_36.4122_-89.6963.tiff,13.484431,385.92007,28.619677
36.4122,-89.6963,DJI_0158.JPG_-2_4_36.4122_-89.6963.tiff,12.897403,361.3116,28.014292
36.4122,-89.6963,DJI_0158.JPG_-2_5_36.4122_-89.6963.tiff,11.650096,302.54507,25.96932
36.4122,-89.6963,DJI_0158.JPG_-2_6_36.4122_-89.6963.tiff,11.937394,349.15952,29.249224
36.4122,-89.6963,DJI_0158.JPG_-2_7_36.4122_-89.6963.tiff,11.795622,275.4364,23.35073
36.4122,-89.6963,DJI_0158.JPG_-2_8_36.4122_-89.6963.tiff,12.767255,306.48938,24.005896
36.4122,-89.6963,DJI_0158.JPG_-2_9_36.4122_-89.6963.tiff,11.556563,284.2748,24.59856
36.4122,-89.6963,DJI_0158.JPG_-2_10_36.4122_-89.6963.tiff,14.788951,366.77875,24.800863
36.4122,-89.6963,DJI_0158.JPG_-1_3_36.4122_-89.6963.tiff,10.904162,297.64468,27.296429
36.4122,-89.6963,DJI_0158.JPG_-1_4_36.4122_-89.6963.tiff,13.1811285,412.97748,31.330965
36.4122,-89.6963,DJI_0158.JPG_-1_5_36.4122_-89.6963.tiff,15.2899,432.99377,28.318941
36.4122,-89.6963,DJI_0158.JPG_-1_6_36.4122_-89.6963.tiff,10.068667,307.82175,30.572243
36.4122,-89.6963,DJI_0158.JPG_-1_7_36.4122_-89.6963.tiff,10.624429,234.8997,22.109396
36.4122,-89.6963,DJI_0158.JPG_-1_8_36.4122_-89.6963.tiff,13.726211,375.9135,27.386547
36.4122,-89.6963,DJI_0158.JPG_-1_9_36.4122_-89.6963.tiff,13.405681,302.02997,22.529999
36.4122,-89.6963,DJI_0158.JPG_-1_10_36.4122_-89.6963.tiff,11.180404,266.71426,23.855513
36.4122,-89.6963,DJI_0158.JPG_0_3_36.4122_-89.6963.tiff,14.717403,395.9831,26.905771
36.4122,-89.6963,DJI_0158.JPG_0_4_36.4122_-89.6963.tiff,12.376534,376.52393,30.422403
36.4122,-89.6963,DJI_0158.JPG_0_5_36.4122_-89.6963.tiff,13.86635,369.5744,26.652609
36.4122,-89.6963,DJI_0158.JPG_0_6_36.4122_-89.6963.tiff,11.399884,316.64804,27.776426
36.4122,-89.6963,DJI_0158.JPG_0_7_36.4122_-89.6963.tiff,11.727523,320.83594,27.35752
36.4122,-89.6963,DJI_0158.JPG_0_8_36.4122_-89.6963.tiff,13.355409,356.02017,26.657377
36.4122,-89.6963,DJI_0158.JPG_0_9_36.4122_-89.6963.tiff,12.431847,360.1398,28.969131
36.4122,-89.6963,DJI_0158.JPG_0_10_36.4122_-89.6963.tiff,10.409989,284.0688,27.288095
36.4122,-89.6963,DJI_0158.JPG_1_3_36.4122_-89.6963.tiff,11.406634,289.58618,25.387522
36.4122,-89.6963,DJI_0158.JPG_1_4_36.4122_-89.6963.tiff,12.396033,416.1696,33.572803
36.4122,-89.6963,DJI_0158.JPG_1_5_36.4122_-89.6963.tiff,14.82956,368.94635,24.879116
36.4122,-89.6963,DJI_0158.JPG_1_6_36.4122_-89.6963.tiff,13.268384,377.09537,28.420595
36.4122,-89.6963,DJI_0158.JPG_1_7_36.4122_-89.6963.tiff,11.918447,343.52017,28.822563
36.4122,-89.6963,DJI_0158.JPG_1_8_36.4122_-89.6963.tiff,11.555079,304.8759,26.384577
36.4122,-89.6963,DJI_0158.JPG_1_9_36.4122_-89.6963.tiff,13.692401,391.9728,28.627033
36.4122,-89.6963,DJI_0158.JPG_1_10_36.4122_-89.6963.tiff,12.6449175,334.2346,26.432327
36.4122,-89.6963,DJI_0158.JPG_2_3_36.4122_-89.6963.tiff,11.8386545,273.4216,23.095665
36.4122,-89.6963,DJI_0158.JPG_2_4_36.4122_-89.6963.tiff,11.341705,356.19543,31.40581
36.4122,-89.6963,DJI_0158.JPG_2_5_36.4122_-89.6963.tiff,12.9926605,348.6336,26.833118
36.4122,-89.6963,DJI_0158.JPG_2_6_36.4122_-89.6963.tiff,11.098876,254.33672,22.915539
36.4122,-89.6963,DJI_0158.JPG_2_7_36.4122_-89.6963.tiff,12.101974,334.98657,27.680326
36.4122,-89.6963,DJI_0158.JPG_2_8_36.4122_-89.6963.tiff,12.455531,369.8633,29.694704
36.4122,-89.6963,DJI_0158.JPG_2_9_36.4122_-89.6963.tiff,11.602629,313.3073,27.003132
36.4122,-89.6963,DJI_0158.JPG_2_10_36.4122_-89.6963.tiff,9.612352,235.00993,24.448744
36.4123,-89.6963,DJI_0159.JPG_-2_3_36.4122_-89.6963.tiff,13.031825,348.97375,26.77858
36.4123,-89.6963,DJI_0159.JPG_-2_4_36.4122_-89.6963.tiff,13.108235,357.92667,27.305481
36.4123,-89.6963,DJI_0159.JPG_-2_5_36.4122_-89.6963.tiff,15.424513,423.83347,27.477917
36.4123,-89.6963,DJI_0159.JPG_-2_6_36.4122_-89.6963.tiff,10.8639145,316.95673,29.175186
36.4123,-89.6963,DJI_0159.JPG_-2_7_36.4122_-89.6963.tiff,13.015614,318.13425,24.442509
36.4123,-89.6963,DJI_0159.JPG_-2_8_36.4122_-89.6963.tiff,13.324218,341.05634,25.596725
36.4123,-89.6963,DJI_0159.JPG_-2_9_36.4122_-89.6963.tiff,12.252785,207.50444,16.935287
36.4123,-89.6963,DJI_0159.JPG_-2_10_36.4122_-89.6963.tiff,12.843566,251.3695,19.571629
36.4123,-89.6963,DJI_0159.JPG_-1_3_36.4122_-89.6963.tiff,13.857733,391.03238,28.21763
36.4123,-89.6963,DJI_0159.JPG_-1_4_36.4122_-89.6963.tiff,12.73348,388.0556,30.47522
36.4123,-89.6963,DJI_0159.JPG_-1_5_36.4122_-89.6963.tiff,13.445346,368.635,27.417295
36.4123,-89.6963,DJI_0159.JPG_-1_6_36.4122_-89.6963.tiff,12.3480625,335.72574,27.188536
36.4123,-89.6963,DJI_0159.JPG_-1_7_36.4122_-89.6963.tiff,13.356141,323.86127,24.248117
36.4123,-89.6963,DJI_0159.JPG_-1_8_36.4122_-89.6963.tiff,12.907481,268.99698,20.840393
36.4123,-89.6963,DJI_0159.JPG_-1_9_36.4122_-89.6963.tiff,14.726625,250.93367,17.039455
36.4123,-89.6963,DJI_0159.JPG_-1_10_36.4122_-89.6963.tiff,13.302289,300.4543,22.586662
36.4122,-89.6963,DJI_0159.JPG_0_3_36.4122_-89.6963.tiff,13.376561,353.07034,26.394701
36.4122,-89.6963,DJI_0159.JPG_0_4_36.4122_-89.6963.tiff,14.187123,437.17953,30.815235
36.4122,-89.6963,DJI_0159.JPG_0_5_36.4122_-89.6963.tiff,13.336349,409.14914,30.679247
36.4122,-89.6963,DJI_0159.JPG_0_6_36.4122_-89.6963.tiff,12.759602,339.41397,26.600672
36.4122,-89.6963,DJI_0159.JPG_0_7_36.4122_-89.6963.tiff,11.435147,226.71881,19.826488
36.4122,-89.6963,DJI_0159.JPG_0_8_36.4122_-89.6963.tiff,11.847793,290.99472,24.561092
36.4122,-89.6963,DJI_0159.JPG_0_9_36.4122_-89.6963.tiff,12.264253,272.547,22.22288
36.4122,-89.6963,DJI_0159.JPG_0_10_36.4122_-89.6963.tiff,11.156339,258.2337,23.146814
36.4122,-89.6963,DJI_0159.JPG_1_3_36.4122_-89.6963.tiff,11.900722,285.26364,23.970282
36.4122,-89.6963,DJI_0159.JPG_1_4_36.4122_-89.6963.tiff,13.227982,354.76016,26.818918
36.4122,-89.6963,DJI_0159.JPG_1_5_36.4122_-89.6963.tiff,15.586598,464.28485,29.78744
36.4122,-89.6963,DJI_0159.JPG_1_6_36.4122_-89.6963.tiff,13.444144,373.82736,27.805962
36.4122,-89.6963,DJI_0159.JPG_1_7_36.4122_-89.6963.tiff,12.614543,221.43777,17.554165
36.4122,-89.6963,DJI_0159.JPG_1_8_36.4122_-89.6963.tiff,13.347327,299.0206,22.403032
36.4122,-89.6963,DJI_0159.JPG_1_9_36.4122_-89.6963.tiff,12.611977,277.51004,22.00369
36.4122,-89.6963,DJI_0159.JPG_1_10_36.4122_-89.6963.tiff,12.290622,313.3433,25.494503
36.4122,-89.6963,DJI_0159.JPG_2_3_36.4122_-89.6963.tiff,13.406783,403.60492,30.10453
36.4122,-89.6963,DJI_0159.JPG_2_4_36.4122_-89.6963.tiff,13.125517,380.08084,28.9574
36.4122,-89.6963,DJI_0159.JPG_2_5_36.4122_-89.6963.tiff,12.405279,319.7754,25.777363
36.4122,-89.6963,DJI_0159.JPG_2_6_36.4122_-89.6963.tiff,11.521041,294.57104,25.568092
36.4122,-89.6963,DJI_0159.JPG_2_7_36.4122_-89.6963.tiff,13.571776,292.5256,21.553967
36.4122,-89.6963,DJI_0159.JPG_2_8_36.4122_-89.6963.tiff,13.042165,295.89093,22.687256
36.4122,-89.6963,DJI_0159.JPG_2_9_36.4122_-89.6963.tiff,11.5685005,262.19534,22.664593
36.4122,-89.6963,DJI_0159.JPG_2_10_36.4122_-89.6963.tiff,13.529046,358.10635,26.469446
36.4123,-89.6963,DJI_0160.JPG_-2_3_36.4123_-89.6963.tiff,13.763598,318.18295,23.117716
36.4123,-89.6963,DJI_0160.JPG_-2_4_36.4123_-89.6963.tiff,13.554488,407.03955,30.029873
36.4123,-89.6963,DJI_0160.JPG_-2_5_36.4123_-89.6963.tiff,15.884031,437.91232,27.569344
36.4123,-89.6963,DJI_0160.JPG_-2_6_36.4123_-89.6963.tiff,11.647975,317.4969,27.25769
36.4123,-89.6963,DJI_0160.JPG_-2_7_36.4123_-89.6963.tiff,13.298924,366.17172,27.533936
36.4123,-89.6963,DJI_0160.JPG_-2_8_36.4123_-89.6963.tiff,12.342558,290.9574,23.57351
36.4123,-89.6963,DJI_0160.JPG_-2_9_36.4123_-89.6963.tiff,12.893685,276.94916,21.47944
36.4123,-89.6963,DJI_0160.JPG_-2_10_36.4123_-89.6963.tiff,11.125823,273.50418,24.582827
36.4123,-89.6963,DJI_0160.JPG_-1_3_36.4123_-89.6963.tiff,13.545217,318.49942,23.513794
36.4123,-89.6963,DJI_0160.JPG_-1_4_36.4123_-89.6963.tiff,13.1791,330.85767,25.104723
36.4123,-89.6963,DJI_0160.JPG_-1_5_36.4123_-89.6963.tiff,14.306409,375.75055,26.264492
36.4123,-89.6963,DJI_0160.JPG_-1_6_36.4123_-89.6963.tiff,11.68798,348.28152,29.798265
36.4123,-89.6963,DJI_0160.JPG_-1_7_36.4123_-89.6963.tiff,11.69873,317.80334,27.165627
36.4123,-89.6963,DJI_0160.JPG_-1_8_36.4123_-89.6963.tiff,11.131621,269.46738,24.207378
36.4123,-89.6963,DJI_0160.JPG_-1_9_36.4123_-89.6963.tiff,14.839651,361.2872,24.346071
36.4123,-89.6963,DJI_0160.JPG_-1_10_36.4123_-89.6963.tiff,12.664634,269.01697,21.24159
36.4123,-89.6963,DJI_0160.JPG_0_3_36.4123_-89.6963.tiff,12.408446,303.76364,24.480392
36.4123,-89.6963,DJI_0160.JPG_0_4_36.4123_-89.6963.tiff,13.943423,373.2164,26.766483
36.4123,-89.6963,DJI_0160.JPG_0_5_36.4123_-89.6963.tiff,12.186404,348.45828,28.594019
36.4123,-89.6963,DJI_0160.JPG_0_6_36.4123_-89.6963.tiff,14.318894,385.42996,26.917578
36.4123,-89.6963,DJI_0160.JPG_0_7_36.4123_-89.6963.tiff,12.629957,300.7576,23.813034
36.4123,-89.6963,DJI_0160.JPG_0_8_36.4123_-89.6963.tiff,12.312279,273.67035,22.227432
36.4123,-89.6963,DJI_0160.JPG_0_9_36.4123_-89.6963.tiff,10.956061,228.67491,20.872
36.4123,-89.6963,DJI_0160.JPG_0_10_36.4123_-89.6963.tiff,14.035335,369.33032,26.314323
36.4123,-89.6963,DJI_0160.JPG_1_3_36.4123_-89.6963.tiff,13.994145,369.53705,26.406546
36.4123,-89.6963,DJI_0160.JPG_1_4_36.4123_-89.6963.tiff,12.766419,347.77225,27.241173
36.4123,-89.6963,DJI_0160.JPG_1_5_36.4123_-89.6963.tiff,14.173293,425.36438,30.011683
36.4123,-89.6963,DJI_0160.JPG_1_6_36.4123_-89.6963.tiff,10.350242,198.26208,19.15531
36.4123,-89.6963,DJI_0160.JPG_1_7_36.4123_-89.6963.tiff,12.590385,314.42438,24.973372
36.4123,-89.6963,DJI_0160.JPG_1_8_36.4123_-89.6963.tiff,12.249542,334.14218,27.277931
36.4123,-89.6963,DJI_0160.JPG_1_9_36.4123_-89.6963.tiff,14.058911,278.1526,19.784788
36.4123,-89.6963,DJI_0160.JPG_1_10_36.4123_-89.6963.tiff,14.28999,345.76526,24.196325
36.4123,-89.6963,DJI_0160.JPG_2_3_36.4123_-89.6963.tiff,14.044958,397.2311,28.282825
36.4123,-89.6963,DJI_0160.JPG_2_4_36.4123_-89.6963.tiff,11.518994,302.96057,26.300957
36.4123,-89.6963,DJI_0160.JPG_2_5_36.4123_-89.6963.tiff,14.464311,365.2095,25.249008
36.4123,-89.6963,DJI_0160.JPG_2_6_36.4123_-89.6963.tiff,12.641139,313.51834,24.801432
36.4123,-89.6963,DJI_0160.JPG_2_7_36.4123_-89.6963.tiff,13.396462,321.97833,24.034578
36.4123,-89.6963,DJI_0160.JPG_2_8_36.4123_-89.6963.tiff,13.547193,332.58884,24.550388
36.4123,-89.6963,DJI_0160.JPG_2_9_36.4123_-89.6963.tiff,11.443478,223.2747,19.51109
36.4123,-89.6963,DJI_0160.JPG_2_10_36.4123_-89.6963.tiff,12.403317,258.89862,20.873337
36.4123,-89.6963,DJI_0161.JPG_-2_3_36.4123_-89.6963.tiff,12.07828,354.98264,29.390163
36.4123,-89.6963,DJI_0161.JPG_-2_4_36.4123_-89.6963.tiff,9.356313,276.80063,29.584372
36.4123,-89.6963,DJI_0161.JPG_-2_5_36.4123_-89.6963.tiff,14.2659445,427.92178,29.996037
36.4123,-89.6963,DJI_0161.JPG_-2_6_36.4123_-89.6963.tiff,11.906518,342.285,28.7477
36.4123,-89.6963,DJI_0161.JPG_-2_7_36.4123_-89.6963.tiff,11.197087,328.98682,29.381464
36.4123,-89.6963,DJI_0161.JPG_-2_8_36.4123_-89.6963.tiff,12.247348,343.1335,28.016964
36.4123,-89.6963,DJI_0161.JPG_-2_9_36.4123_-89.6963.tiff,10.249982,284.98465,27.80343
36.4123,-89.6963,DJI_0161.JPG_-2_10_36.4123_-89.6963.tiff,13.659659,372.27582,27.253668
36.4123,-89.6963,DJI_0161.JPG_-1_3_36.4123_-89.6963.tiff,12.362311,379.0285,30.660004
36.4123,-89.6963,DJI_0161.JPG_-1_4_36.4123_-89.6963.tiff,12.949678,403.74072,31.177664
36.4123,-89.6963,DJI_0161.JPG_-1_5_36.4123_-89.6963.tiff,13.147013,337.0713,25.638622
36.4123,-89.6963,DJI_0161.JPG_-1_6_36.4123_-89.6963.tiff,13.31887,392.88776,29.49858
36.4123,-89.6963,DJI_0161.JPG_-1_7_36.4123_-89.6963.tiff,13.323549,325.2632,24.412655
36.4123,-89.6963,DJI_0161.JPG_-1_8_36.4123_-89.6963.tiff,12.538373,350.50388,27.954494
36.4123,-89.6963,DJI_0161.JPG_-1_9_36.4123_-89.6963.tiff,13.18543,300.21445,22.768652
36.4123,-89.6963,DJI_0161.JPG_-1_10_36.4123_-89.6963.tiff,12.749225,342.25864,26.845448
36.4123,-89.6963,DJI_0161.JPG_0_3_36.4123_-89.6963.tiff,11.802941,335.4291,28.419111
36.4123,-89.6963,DJI_0161.JPG_0_4_36.4123_-89.6963.tiff,13.8296385,440.52716,31.853846
36.4123,-89.6963,DJI_0161.JPG_0_5_36.4123_-89.6963.tiff,16.368729,481.52637,29.417458
36.4123,-89.6963,DJI_0161.JPG_0_6_36.4123_-89.6963.tiff,12.800242,305.42685,23.861021
36.4123,-89.6963,DJI_0161.JPG_0_7_36.4123_-89.6963.tiff,13.425683,314.03558,23.39066
36.4123,-89.6963,DJI_0161.JPG_0_8_36.4123_-89.6963.tiff,11.766206,303.89713,25.827963
36.4123,-89.6963,DJI_0161.JPG_0_9_36.4123_-89.6963.tiff,12.576652,286.04025,22.743753
36.4123,-89.6963,DJI_0161.JPG_0_10_36.4123_-89.6963.tiff,10.96037,300.47446,27.414627
36.4123,-89.6963,DJI_0161.JPG_1_3_36.4123_-89.6963.tiff,12.4325,336.75662,27.0868
36.4123,-89.6963,DJI_0161.JPG_1_4_36.4123_-89.6963.tiff,11.812235,315.23026,26.686758
36.4123,-89.6963,DJI_0161.JPG_1_5_36.4123_-89.6963.tiff,14.525796,422.70786,29.100494
36.4123,-89.6963,DJI_0161.JPG_1_6_36.4123_-89.6963.tiff,9.229018,197.46977,21.396618
36.4123,-89.6963,DJI_0161.JPG_1_7_36.4123_-89.6963.tiff,11.327636,235.6192,20.800386
36.4123,-89.6963,DJI_0161.JPG_1_8_36.4123_-89.6963.tiff,13.239523,328.00247,24.774494
36.4123,-89.6963,DJI_0161.JPG_1_9_36.4123_-89.6963.tiff,13.020398,309.63678,23.7809
36.4123,-89.6963,DJI_0161.JPG_1_10_36.4123_-89.6963.tiff,10.355356,223.83665,21.615543
36.4123,-89.6963,DJI_0161.JPG_2_3_36.4123_-89.6963.tiff,13.610374,337.40875,24.790556
36.4123,-89.6963,DJI_0161.JPG_2_4_36.4123_-89.6963.tiff,12.105578,353.57544,29.207645
36.4123,-89.6963,DJI_0161.JPG_2_5_36.4123_-89.6963.tiff,16.360836,476.1742,29.104515
36.4123,-89.6963,DJI_0161.JPG_2_6_36.4123_-89.6963.tiff,9.999345,261.12164,26.113874
36.4123,-89.6963,DJI_0161.JPG_2_7_36.4123_-89.6963.tiff,13.361355,346.50607,25.933453
36.4123,-89.6963,DJI_0161.JPG_2_8_36.4123_-89.6963.tiff,12.31411,286.29117,23.249035
36.4123,-89.6963,DJI_0161.JPG_2_9_36.4123_-89.6963.tiff,13.315171,274.6222,20.624758
36.4123,-89.6963,DJI_0161.JPG_2_10_36.4123_-89.6963.tiff,11.467834,280.22858,24.43605
36.4124,-89.6963,DJI_0162.JPG_-2_3_36.4124_-89.6963.tiff,10.983694,303.4921,27.63115
36.4124,-89.6963,DJI_0162.JPG_-2_4_36.4124_-89.6963.tiff,13.984088,393.40198,28.132116
36.4124,-89.6963,DJI_0162.JPG_-2_5_36.4124_-89.6963.tiff,16.134596,454.6749,28.180122
36.4124,-89.6963,DJI_0162.JPG_-2_6_36.4124_-89.6963.tiff,13.422859,380.74307,28.365274
36.4124,-89.6963,DJI_0162.JPG_-2_7_36.4124_-89.6963.tiff,12.042084,266.80078,22.155699
36.4124,-89.6963,DJI_0162.JPG_-2_8_36.4124_-89.6963.tiff,12.62288,294.77615,23.352528
36.4124,-89.6963,DJI_0162.JPG_-2_9_36.4124_-89.6963.tiff,11.215169,232.9236,20.768621
36.4124,-89.6963,DJI_0162.JPG_-2_10_36.4124_-89.6963.tiff,12.036001,274.00702,22.76562
36.4124,-89.6963,DJI_0162.JPG_-1_3_36.4124_-89.6963.tiff,12.8670845,330.57623,25.69162
36.4124,-89.6963,DJI_0162.JPG_-1_4_36.4124_-89.6963.tiff,11.225934,325.74338,29.01704
36.4124,-89.6963,DJI_0162.JPG_-1_5_36.4124_-89.6963.tiff,13.684855,370.02713,27.03917
36.4124,-89.6963,DJI_0162.JPG_-1_6_36.4124_-89.6963.tiff,10.677677,237.42033,22.235205
36.4124,-89.6963,DJI_0162.JPG_-1_7_36.4124_-89.6963.tiff,13.627915,299.68326,21.990396
36.4124,-89.6963,DJI_0162.JPG_-1_8_36.4124_-89.6963.tiff,10.77925,215.65726,20.006702
36.4124,-89.6963,DJI_0162.JPG_-1_9_36.4124_-89.6963.tiff,13.607255,370.6945,27.242414
36.4124,-89.6963,DJI_0162.JPG_-1_10_36.4124_-89.6963.tiff,11.072378,237.06424,21.410418
36.4124,-89.6963,DJI_0162.JPG_0_3_36.4124_-89.6963.tiff,13.001143,350.6107,26.96768
36.4124,-89.6963,DJI_0162.JPG_0_4_36.4124_-89.6963.tiff,12.641488,359.97714,28.475851
36.4124,-89.6963,DJI_0162.JPG_0_5_36.4124_-89.6963.tiff,15.272434,404.44012,26.481707
36.4124,-89.6963,DJI_0162.JPG_0_6_36.4124_-89.6963.tiff,9.458777,201.25932,21.27752
36.4124,-89.6963,DJI_0162.JPG_0_7_36.4124_-89.6963.tiff,10.733242,198.6377,18.506775
36.4124,-89.6963,DJI_0162.JPG_0_8_36.4124_-89.6963.tiff,11.769015,272.34253,23.140638
36.4124,-89.6963,DJI_0162.JPG_0_9_36.4124_-89.6963.tiff,12.889499,291.3951,22.607172
36.4124,-89.6963,DJI_0162.JPG_0_10_36.4124_-89.6963.tiff,11.051885,244.64217,22.135788
36.4123,-89.6963,DJI_0162.JPG_1_3_36.4124_-89.6963.tiff,13.683524,348.18304,25.445421
36.4123,-89.6963,DJI_0162.JPG_1_4_36.4124_-89.6963.tiff,13.658612,360.0733,26.362364
36.4123,-89.6963,DJI_0162.JPG_1_5_36.4124_-89.6963.tiff,13.360114,340.72632,25.503248
36.4123,-89.6963,DJI_0162.JPG_1_6_36.4124_-89.6963.tiff,11.394909,217.75172,19.109562
36.4123,-89.6963,DJI_0162.JPG_1_7_36.4124_-89.6963.tiff,9.734462,188.06334,19.319336
36.4123,-89.6963,DJI_0162.JPG_1_8_36.4124_-89.6963.tiff,11.286178,273.9845,24.27611
36.4123,-89.6963,DJI_0162.JPG_1_9_36.4124_-89.6963.tiff,11.543473,230.21686,19.943466
36.4123,-89.6963,DJI_0162.JPG_1_10_36.4124_-89.6963.tiff,11.664525,295.72113,25.352179
36.4123,-89.6963,DJI_0162.JPG_2_3_36.4124_-89.6963.tiff,12.262853,307.3842,25.066288
36.4123,-89.6963,DJI_0162.JPG_2_4_36.4124_-89.6963.tiff,11.677732,301.6852,25.834229
36.4123,-89.6963,DJI_0162.JPG_2_5_36.4124_-89.6963.tiff,14.984118,393.9636,26.292076
36.4123,-89.6963,DJI_0162.JPG_2_6_36.4124_-89.6963.tiff,12.973305,342.85855,26.428003
36.4123,-89.6963,DJI_0162.JPG_2_7_36.4124_-89.6963.tiff,11.264445,272.30148,24.173536
36.4123,-89.6963,DJI_0162.JPG_2_8_36.4124_-89.6963.tiff,12.491143,317.63654,25.42894
36.4123,-89.6963,DJI_0162.JPG_2_9_36.4124_-89.6963.tiff,10.2846575,246.17296,23.935942
36.4123,-89.6963,DJI_0162.JPG_2_10_36.4124_-89.6963.tiff,11.949962,320.406,26.812304
36.4124,-89.6963,DJI_0163.JPG_-2_3_36.4124_-89.6963.tiff,14.244321,353.75507,24.834814
36.4124,-89.6963,DJI_0163.JPG_-2_4_36.4124_-89.6963.tiff,13.15421,359.902,27.360214
36.4124,-89.6963,DJI_0163.JPG_-2_5_36.4124_-89.6963.tiff,14.271962,379.05902,26.5597
36.4124,-89.6963,DJI_0163.JPG_-2_6_36.4124_-89.6963.tiff,13.743644,355.7993,25.888279
36.4124,-89.6963,DJI_0163.JPG_-2_7_36.4124_-89.6963.tiff,11.592926,279.94907,24.148266
36.4124,-89.6963,DJI_0163.JPG_-2_8_36.4124_-89.6963.tiff,12.637146,318.5145,25.204622
36.4124,-89.6963,DJI_0163.JPG_-2_9_36.4124_-89.6963.tiff,12.02489,292.821,24.351242
36.4124,-89.6963,DJI_0163.JPG_-2_10_36.4124_-89.6963.tiff,12.902795,275.9378,21.385895
36.4124,-89.6963,DJI_0163.JPG_-1_3_36.4124_-89.6963.tiff,10.956392,308.28558,28.137508
36.4124,-89.6963,DJI_0163.JPG_-1_4_36.4124_-89.6963.tiff,12.733008,419.65698,32.958195
36.4124,-89.6963,DJI_0163.JPG_-1_5_36.4124_-89.6963.tiff,14.054149,391.23938,27.838
36.4124,-89.6963,DJI_0163.JPG_-1_6_36.4124_-89.6963.tiff,13.477409,377.07947,27.978632
36.4124,-89.6963,DJI_0163.JPG_-1_7_36.4124_-89.6963.tiff,14.58304,396.75735,27.206766
36.4124,-89.6963,DJI_0163.JPG_-1_8_36.4124_-89.6963.tiff,12.732836,264.56293,20.778006
36.4124,-89.6963,DJI_0163.JPG_-1_9_36.4124_-89.6963.tiff,12.310185,263.3999,21.396908
36.4124,-89.6963,DJI_0163.JPG_-1_10_36.4124_-89.6963.tiff,13.139752,300.74292,22.88802
36.4124,-89.6963,DJI_0163.JPG_0_3_36.4124_-89.6963.tiff,12.626374,338.68228,26.8234
36.4124,-89.6963,DJI_0163.JPG_0_4_36.4124_-89.6963.tiff,11.184652,348.54535,31.162825
36.4124,-89.6963,DJI_0163.JPG_0_5_36.4124_-89.6963.tiff,13.926201,344.4795,24.73607
36.4124,-89.6963,DJI_0163.JPG_0_6_36.4124_-89.6963.tiff,12.074376,271.51328,22.486732
36.4124,-89.6963,DJI_0163.JPG_0_7_36.4124_-89.6963.tiff,13.253026,299.3774,22.589363
36.4124,-89.6963,DJI_0163.JPG_0_8_36.4124_-89.6963.tiff,11.709715,262.35605,22.404991
36.4124,-89.6963,DJI_0163.JPG_0_9_36.4124_-89.6963.tiff,11.095924,186.75146,16.830637
36.4124,-89.6963,DJI_0163.JPG_0_10_36.4124_-89.6963.tiff,10.187682,235.42273,23.108566
36.4124,-89.6963,DJI_0163.JPG_1_3_36.4124_-89.6963.tiff,11.653493,321.03992,27.548815
36.4124,-89.6963,DJI_0163.JPG_1_4_36.4124_-89.6963.tiff,12.992597,370.3328,28.50337
36.4124,-89.6963,DJI_0163.JPG_1_5_36.4124_-89.6963.tiff,11.081833,236.68033,21.357508
36.4124,-89.6963,DJI_0163.JPG_1_6_36.4124_-89.6963.tiff,12.316026,282.15378,22.909483
36.4124,-89.6963,DJI_0163.JPG_1_7_36.4124_-89.6963.tiff,10.4812,228.24777,21.776875
36.4124,-89.6963,DJI_0163.JPG_1_8_36.4124_-89.6963.tiff,12.984897,283.42734,21.827461
36.4124,-89.6963,DJI_0163.JPG_1_9_36.4124_-89.6963.tiff,11.360621,260.22507,22.905884
36.4124,-89.6963,DJI_0163.JPG_1_10_36.4124_-89.6963.tiff,11.022231,313.7065,28.461254
36.4124,-89.6963,DJI_0163.JPG_2_3_36.4124_-89.6963.tiff,11.098584,312.17386,28.12736
36.4124,-89.6963,DJI_0163.JPG_2_4_36.4124_-89.6963.tiff,13.603755,346.34845,25.459768
36.4124,-89.6963,DJI_0163.JPG_2_5_36.4124_-89.6963.tiff,13.394053,433.93674,32.397717
36.4124,-89.6963,DJI_0163.JPG_2_6_36.4124_-89.6963.tiff,13.343907,356.2003,26.693851
36.4124,-89.6963,DJI_0163.JPG_2_7_36.4124_-89.6963.tiff,11.135158,216.54308,19.44679
36.4124,-89.6963,DJI_0163.JPG_2_8_36.4124_-89.6963.tiff,12.281886,287.5604,23.413374
36.4124,-89.6963,DJI_0163.JPG_2_9_36.4124_-89.6963.tiff,9.886013,208.27017,21.067156
36.4124,-89.6963,DJI_0163.JPG_2_10_36.4124_-89.6963.tiff,12.191764,272.7297,22.369995
36.4125,-89.6963,DJI_0164.JPG_-2_3_36.4124_-89.6963.tiff,13.049713,331.45816,25.39965
36.4125,-89.6963,DJI_0164.JPG_-2_4_36.4124_-89.6963.tiff,13.113463,391.19983,29.831923
36.4125,-89.6963,DJI_0164.JPG_-2_5_36.4124_-89.6963.tiff,14.2752,383.1923,26.843218
36.4125,-89.6963,DJI_0164.JPG_-2_6_36.4124_-89.6963.tiff,12.837579,336.53998,26.215221
36.4125,-89.6963,DJI_0164.JPG_-2_7_36.4124_-89.6963.tiff,10.404649,252.13959,24.233358
36.4125,-89.6963,DJI_0164.JPG_-2_8_36.4124_-89.6963.tiff,13.065503,271.53757,20.782787
36.4125,-89.6963,DJI_0164.JPG_-2_9_36.4124_-89.6963.tiff,12.008994,236.7492,19.714325
36.4125,-89.6963,DJI_0164.JPG_-2_10_36.4124_-89.6963.tiff,10.396674,170.71489,16.420145
36.4124,-89.6963,DJI_0164.JPG_-1_3_36.4124_-89.6963.tiff,13.262319,332.13553,25.043549
36.4124,-89.6963,DJI_0164.JPG_-1_4_36.4124_-89.6963.tiff,13.237821,343.09497,25.917784
36.4124,-89.6963,DJI_0164.JPG_-1_5_36.4124_-89.6963.tiff,12.790657,335.94348,26.264755
36.4124,-89.6963,DJI_0164.JPG_-1_6_36.4124_-89.6963.tiff,11.239321,260.67404,23.193043
36.4124,-89.6963,DJI_0164.JPG_-1_7_36.4124_-89.6963.tiff,12.514615,317.72842,25.38859
36.4124,-89.6963,DJI_0164.JPG_-1_8_36.4124_-89.6963.tiff,12.40717,267.78732,21.583271
36.4124,-89.6963,DJI_0164.JPG_-1_9_36.4124_-89.6963.tiff,10.417291,176.01492,16.89642
36.4124,-89.6963,DJI_0164.JPG_-1_10_36.4124_-89.6963.tiff,9.043298,189.81226,20.989275
36.4124,-89.6963,DJI_0164.JPG_0_3_36.4124_-89.6963.tiff,12.373521,337.84903,27.304195
36.4124,-89.6963,DJI_0164.JPG_0_4_36.4124_-89.6963.tiff,12.781177,339.12982,26.533537
36.4124,-89.6963,DJI_0164.JPG_0_5_36.4124_-89.6963.tiff,13.503988,374.44873,27.72875
36.4124,-89.6963,DJI_0164.JPG_0_6_36.4124_-89.6963.tiff,11.120429,273.7135,24.613573
36.4124,-89.6963,DJI_0164.JPG_0_7_36.4124_-89.6963.tiff,12.615363,251.43213,19.93063
36.4124,-89.6963,DJI_0164.JPG_0_8_36.4124_-89.6963.tiff,12.75461,298.0866,23.370892
36.4124,-89.6963,DJI_0164.JPG_0_9_36.4124_-89.6963.tiff,11.80569,251.33684,21.289467
36.4124,-89.6963,DJI_0164.JPG_0_10_36.4124_-89.6963.tiff,11.522792,211.75368,18.376942
36.4124,-89.6963,DJI_0164.JPG_1_3_36.4124_-89.6963.tiff,13.8897085,375.19156,27.012197
36.4124,-89.6963,DJI_0164.JPG_1_4_36.4124_-89.6963.tiff,12.1002,337.72827,27.910967
36.4124,-89.6963,DJI_0164.JPG_1_5_36.4124_-89.6963.tiff,13.075376,376.2868,28.778278
36.4124,-89.6963,DJI_0164.JPG_1_6_36.4124_-89.6963.tiff,9.657536,170.7118,17.676538
36.4124,-89.6963,DJI_0164.JPG_1_7_36.4124_-89.6963.tiff,11.849569,250.84415,21.169052
36.4124,-89.6963,DJI_0164.JPG_1_8_36.4124_-89.6963.tiff,10.540107,188.0951,17.845654
36.4124,-89.6963,DJI_0164.JPG_1_9_36.4124_-89.6963.tiff,11.942383,284.8248,23.849915
36.4124,-89.6963,DJI_0164.JPG_1_10_36.4124_-89.6963.tiff,10.989405,218.35962,19.870014
36.4124,-89.6963,DJI_0164.JPG_2_3_36.4124_-89.6963.tiff,11.789695,318.24304,26.993322
36.4124,-89.6963,DJI_0164.JPG_2_4_36.4124_-89.6963.tiff,13.7252,390.02432,28.416658
36.4124,-89.6963,DJI_0164.JPG_2_5_36.4124_-89.6963.tiff,14.71175,380.54614,25.866817
36.4124,-89.6963,DJI_0164.JPG_2_6_36.4124_-89.6963.tiff,13.07282,301.8222,23.087767
36.4124,-89.6963,DJI_0164.JPG_2_7_36.4124_-89.6963.tiff,11.647326,292.15393,25.083347
36.4124,-89.6963,DJI_0164.JPG_2_8_36.4124_-89.6963.tiff,13.294347,308.71637,23.221628
36.4124,-89.6963,DJI_0164.JPG_2_9_36.4124_-89.6963.tiff,11.742829,240.20805,20.455723
36.4124,-89.6963,DJI_0164.JPG_2_10_36.4124_-89.6963.tiff,12.783453,274.44156,21.4685
36.4125,-89.6963,DJI_0165.JPG_-2_3_36.4125_-89.6963.tiff,12.826882,341.44458,26.619452
36.4125,-89.6963,DJI_0165.JPG_-2_4_36.4125_-89.6963.tiff,12.572392,332.02176,26.408796
36.4125,-89.6963,DJI_0165.JPG_-2_5_36.4125_-89.6963.tiff,12.780562,292.1005,22.855059
36.4125,-89.6963,DJI_0165.JPG_-2_6_36.4125_-89.6963.tiff,12.3206415,328.55634,26.667145
36.4125,-89.6963,DJI_0165.JPG_-2_7_36.4125_-89.6963.tiff,12.049162,300.99268,24.980383
36.4125,-89.6963,DJI_0165.JPG_-2_8_36.4125_-89.6963.tiff,14.147175,268.2218,18.95939
36.4125,-89.6963,DJI_0165.JPG_-2_9_36.4125_-89.6963.tiff,9.140385,158.00838,17.28684
36.4125,-89.6963,DJI_0165.JPG_-2_10_36.4125_-89.6963.tiff,11.7268505,247.81403,21.132189
36.4125,-89.6963,DJI_0165.JPG_-1_3_36.4125_-89.6963.tiff,11.8890505,305.54727,25.699888
36.4125,-89.6963,DJI_0165.JPG_-1_4_36.4125_-89.6963.tiff,11.236582,282.86102,25.173227
36.4125,-89.6963,DJI_0165.JPG_-1_5_36.4125_-89.6963.tiff,13.462253,350.94684,26.068954
36.4125,-89.6963,DJI_0165.JPG_-1_6_36.4125_-89.6963.tiff,10.386437,219.22835,21.107174
36.4125,-89.6963,DJI_0165.JPG_-1_7_36.4125_-89.6963.tiff,12.892785,338.61374,26.263817
36.4125,-89.6963,DJI_0165.JPG_-1_8_36.4125_-89.6963.tiff,11.644368,193.09595,16.582775
36.4125,-89.6963,DJI_0165.JPG_-1_9_36.4125_-89.6963.tiff,13.448406,254.83047,18.94875
36.4125,-89.6963,DJI_0165.JPG_-1_10_36.4125_-89.6963.tiff,10.667882,177.12068,16.603172
36.4125,-89.6963,DJI_0165.JPG_0_3_36.4125_-89.6963.tiff,11.814298,310.70807,26.299326
36.4125,-89.6963,DJI_0165.JPG_0_4_36.4125_-89.6963.tiff,11.581551,319.65118,27.600033
36.4125,-89.6963,DJI_0165.JPG_0_5_36.4125_-89.6963.tiff,11.858449,274.5691,23.15388
36.4125,-89.6963,DJI_0165.JPG_0_6_36.4125_-89.6963.tiff,10.777629,252.59825,23.437275
36.4125,-89.6963,DJI_0165.JPG_0_7_36.4125_-89.6963.tiff,12.123834,301.7043,24.885223
36.4125,-89.6963,DJI_0165.JPG_0_8_36.4125_-89.6963.tiff,11.401883,282.3697,24.76518
36.4125,-89.6963,DJI_0165.JPG_0_9_36.4125_-89.6963.tiff,13.279486,281.24506,21.178911
36.4125,-89.6963,DJI_0165.JPG_0_10_36.4125_-89.6963.tiff,11.528125,234.37427,20.33065
36.4125,-89.6963,DJI_0165.JPG_1_3_36.4125_-89.6963.tiff,13.751637,370.57278,26.947538
36.4125,-89.6963,DJI_0165.JPG_1_4_36.4125_-89.6963.tiff,14.18598,423.51895,29.854755
36.4125,-89.6963,DJI_0165.JPG_1_5_36.4125_-89.6963.tiff,12.825028,307.99423,24.01509
36.4125,-89.6963,DJI_0165.JPG_1_6_36.4125_-89.6963.tiff,10.162999,289.15604,28.451841
36.4125,-89.6963,DJI_0165.JPG_1_7_36.4125_-89.6963.tiff,8.373746,175.20705,20.923378
36.4125,-89.6963,DJI_0165.JPG_1_8_36.4125_-89.6963.tiff,11.664908,234.07698,20.066765
36.4125,-89.6963,DJI_0165.JPG_1_9_36.4125_-89.6963.tiff,10.542874,212.03546,20.111732
36.4125,-89.6963,DJI_0165.JPG_1_10_36.4125_-89.6963.tiff,9.771525,195.7707,20.034815
36.4125,-89.6963,DJI_0165.JPG_2_3_36.4125_-89.6963.tiff,11.340215,269.65897,23.779
36.4125,-89.6963,DJI_0165.JPG_2_4_36.4125_-89.6963.tiff,12.175471,336.42307,27.631214
36.4125,-89.6963,DJI_0165.JPG_2_5_36.4125_-89.6963.tiff,11.650582,315.8917,27.113811
36.4125,-89.6963,DJI_0165.JPG_2_6_36.4125_-89.6963.tiff,12.527578,322.1904,25.71849
36.4125,-89.6963,DJI_0165.JPG_2_7_36.4125_-89.6963.tiff,8.952893,220.47354,24.625954
36.4125,-89.6963,DJI_0165.JPG_2_8_36.4125_-89.6963.tiff,13.166583,271.69388,20.635109
36.4125,-89.6963,DJI_0165.JPG_2_9_36.4125_-89.6963.tiff,12.49363,248.8911,19.921438
36.4125,-89.6963,DJI_0165.JPG_2_10_36.4125_-89.6963.tiff,10.446544,154.09665,14.75097
